image_name,mse,psnr,fmse,fpsnr,ssim,fssim,foreground_area,foreground_ratio
f4005_1_1_harmonized.jpg,8.9207,38.6268,313.9455,23.1623,0.997938,0.952525,1847.0,0.028183
f2508_1_1_harmonized.jpg,1.0708,47.8337,209.2212,24.9247,0.999342,0.897391,333.0,0.005081
f2508_1_2_harmonized.jpg,0.4902,51.2267,95.3093,28.3395,0.999659,0.950415,333.0,0.005081
f3885_1_2_harmonized.jpg,3.0977,43.2204,149.7214,26.378,0.999371,0.976798,1353.0,0.020645
f3885_1_1_harmonized.jpg,5.4466,40.7696,263.4499,23.9238,0.998566,0.950254,1353.0,0.020645
f4493_1_2_harmonized.jpg,1.4823,46.4214,573.3136,20.5469,0.997874,0.949735,169.0,0.002579
f4493_1_1_harmonized.jpg,1.5495,46.2288,599.284,20.3545,0.999275,0.971982,169.0,0.002579
f4432_1_1_harmonized.jpg,0.4928,51.2043,285.1111,23.5807,0.999722,0.886524,111.0,0.001694
f4432_1_2_harmonized.jpg,1.8107,45.5523,1063.1201,17.865,0.999199,0.690079,111.0,0.001694
f4283_1_2_harmonized.jpg,2.9927,43.3701,423.9942,21.8572,0.998781,0.876411,457.0,0.006973
f4283_1_1_harmonized.jpg,3.5138,42.673,496.682,21.17,0.998682,0.863731,457.0,0.006973
f3006_1_2_harmonized.jpg,2.2591,44.5915,123.7921,27.2039,0.999055,0.962814,1169.0,0.017838
f3006_1_1_harmonized.jpg,2.3477,44.4244,127.2133,27.0855,0.999138,0.968405,1169.0,0.017838
f4657_1_2_harmonized.jpg,16.1862,36.0394,346.2596,22.7368,0.99658,0.932419,3051.0,0.046555
f4657_1_1_harmonized.jpg,6.559,39.9624,139.725,26.6781,0.997542,0.94919,3051.0,0.046555
f3806_1_1_harmonized.jpg,14.5202,36.5111,301.4475,23.3387,0.993577,0.915991,3150.0,0.048065
f2927_1_2_harmonized.jpg,4.6993,41.4105,776.6862,19.2283,0.998671,0.913681,393.0,0.005997
f2927_1_1_harmonized.jpg,2.2788,44.5538,378.0747,22.355,0.998401,0.891057,393.0,0.005997
f4477_1_2_harmonized.jpg,0.3011,53.3435,122.557,27.2474,0.999845,0.953674,158.0,0.002411
f4477_1_1_harmonized.jpg,0.5713,50.5619,235.2869,24.4148,0.999773,0.922377,158.0,0.002411
f3616_1_1_harmonized.jpg,0.3607,52.5591,279.1826,23.6719,0.999834,0.922464,84.0,0.001282
f3616_1_2_harmonized.jpg,1.2852,47.0411,1000.2659,18.1296,0.999399,0.711079,84.0,0.001282
f2976_1_1_harmonized.jpg,2.1192,44.8692,100.4733,28.1103,0.999249,0.970252,1362.0,0.020782
f2976_1_2_harmonized.jpg,3.5068,42.6817,167.1902,25.8987,0.998785,0.950102,1362.0,0.020782
f2921_1_1_harmonized.jpg,26.1585,33.9547,804.2889,19.0767,0.997379,0.948332,2130.0,0.032501
f2921_1_2_harmonized.jpg,16.2125,36.0323,498.054,21.158,0.99805,0.967016,2130.0,0.032501
f2823_1_2_harmonized.jpg,10.0384,38.1141,238.3636,24.3584,0.998659,0.977562,2733.0,0.041702
f2823_1_1_harmonized.jpg,9.2039,38.4911,217.9782,24.7467,0.998882,0.981025,2733.0,0.041702
f1650_1_1_harmonized.jpg,2.3747,44.3747,91.2616,28.5279,0.999219,0.98111,1686.0,0.025726
f783_1_2_harmonized.jpg,7.3434,39.4718,237.9682,24.3656,0.997518,0.935068,2014.0,0.030731
f783_1_1_harmonized.jpg,4.0247,42.0835,129.9699,26.9924,0.998625,0.96974,2014.0,0.030731
f17_1_2_harmonized.jpg,3.1147,43.1966,79.763,29.1128,0.99835,0.973673,2529.0,0.038589
f17_1_1_harmonized.jpg,8.0826,39.0553,208.5906,24.9379,0.997043,0.934534,2529.0,0.038589
f4354_1_1_harmonized.jpg,0.8188,48.999,88.7392,28.6496,0.999248,0.956992,588.0,0.008972
f4354_1_2_harmonized.jpg,5.5441,40.6925,615.5187,20.2384,0.996431,0.779,588.0,0.008972
f941_1_1_harmonized.jpg,20.8272,34.9445,562.236,20.6316,0.996975,0.929002,2425.0,0.037003
f5220_1_1_harmonized.jpg,2.4522,44.2352,72.019,29.5563,0.997303,0.925429,2197.0,0.033524
f5220_1_2_harmonized.jpg,21.6916,34.7679,645.9871,20.0286,0.993139,0.804857,2197.0,0.033524
f5021_1_2_harmonized.jpg,13.3215,36.8853,658.8281,19.9431,0.997247,0.891174,1322.0,0.020172
f5021_1_1_harmonized.jpg,3.2318,43.0364,156.7668,26.1783,0.998938,0.957351,1322.0,0.020172
f4833_1_1_harmonized.jpg,1.7864,45.6111,70.5521,29.6457,0.998558,0.947582,1644.0,0.025085
f1610_1_2_harmonized.jpg,21.7112,34.764,1257.6162,17.1353,0.989968,0.869189,1129.0,0.017227
f1610_1_1_harmonized.jpg,24.2303,34.2872,1403.5229,16.6586,0.989202,0.854905,1129.0,0.017227
f996_1_1_harmonized.jpg,63.0627,30.1331,4535.6123,11.5644,0.995305,0.745466,911.0,0.013901
f996_1_2_harmonized.jpg,6.4286,40.0497,461.4588,21.4895,0.998917,0.940646,911.0,0.013901
f1092_1_1_harmonized.jpg,21.8531,34.7357,597.5367,20.3672,0.994927,0.888142,2394.0,0.03653
f4595_1_1_harmonized.jpg,16.807,35.8759,435.51,21.7408,0.994466,0.873462,2525.0,0.038528
f2997_1_1_harmonized.jpg,2.0277,45.0607,206.8341,24.9746,0.994745,0.796517,637.0,0.00972
f4501_1_2_harmonized.jpg,5.7924,40.5022,385.6996,22.2683,0.997783,0.891125,981.0,0.014969
f4501_1_1_harmonized.jpg,2.7862,43.6808,185.3694,25.4504,0.997859,0.899302,981.0,0.014969
f108_1_1_harmonized.jpg,4.6319,41.4732,99.1764,28.1667,0.994048,0.908949,3012.0,0.045959
f108_1_2_harmonized.jpg,63.5266,30.1013,1380.4432,16.7306,0.979918,0.663506,3012.0,0.045959
f5224_2_1_harmonized.jpg,9.8131,38.2127,722.2235,19.5441,0.997075,0.821749,889.0,0.013565
f3357_1_1_harmonized.jpg,10.758,37.8135,1142.3939,17.5526,0.994874,0.743632,616.0,0.009399
f3357_1_2_harmonized.jpg,10.9975,37.7179,1168.5211,17.4544,0.995162,0.711616,616.0,0.009399
f2352_1_1_harmonized.jpg,0.5396,50.8102,143.4904,26.5626,0.999706,0.949574,244.0,0.003723
f2352_1_2_harmonized.jpg,0.4839,51.2835,128.2828,27.0491,0.999623,0.942489,244.0,0.003723
f4379_1_1_harmonized.jpg,8.7692,38.7012,249.4964,24.1602,0.99871,0.971264,2296.0,0.035034
f3647_1_2_harmonized.jpg,8.1237,39.0332,184.4314,25.4725,0.998299,0.964494,2869.0,0.043777
f3647_1_1_harmonized.jpg,12.7938,37.0608,291.2267,23.4885,0.995053,0.891216,2869.0,0.043777
f4346_1_1_harmonized.jpg,9.1714,38.5064,346.4323,22.7346,0.998233,0.942853,1724.0,0.026306
f4346_1_2_harmonized.jpg,2.6598,43.8824,99.3571,28.1588,0.998662,0.956944,1724.0,0.026306
f2117_1_2_harmonized.jpg,1.3225,46.9169,106.1326,27.8723,0.999344,0.965728,807.0,0.012314
f2117_1_1_harmonized.jpg,3.1218,43.1868,251.5039,24.1254,0.998762,0.916583,807.0,0.012314
f4935_1_1_harmonized.jpg,1.0959,47.7333,37.2593,32.4185,0.99874,0.984989,1855.0,0.028305
f4935_1_2_harmonized.jpg,1.3245,46.9104,45.5278,31.548,0.99869,0.984815,1855.0,0.028305
f5062_1_2_harmonized.jpg,4.728,41.3841,119.497,27.3572,0.996329,0.954752,2556.0,0.039001
f5062_1_1_harmonized.jpg,9.046,38.5662,230.9012,24.4965,0.995582,0.933161,2556.0,0.039001
f3727_1_2_harmonized.jpg,0.8093,49.0499,334.6026,22.8855,0.998274,0.884149,156.0,0.00238
f3727_1_1_harmonized.jpg,1.3445,46.8454,559.3996,20.6536,0.997315,0.772569,156.0,0.00238
f3584_1_2_harmonized.jpg,9.8954,38.1765,536.4158,20.8358,0.996145,0.807486,1201.0,0.018326
f3584_1_1_harmonized.jpg,12.3306,37.221,670.6048,19.8661,0.996749,0.842205,1201.0,0.018326
f4089_1_1_harmonized.jpg,6.5988,39.9362,237.2846,24.3781,0.998871,0.96575,1812.0,0.027649
f4089_1_2_harmonized.jpg,6.0799,40.2918,218.9932,24.7265,0.999271,0.978446,1812.0,0.027649
f5096_1_1_harmonized.jpg,11.417,37.5553,282.1297,23.6263,0.992781,0.884606,2634.0,0.040192
f99_1_1_harmonized.jpg,9.1331,38.5246,361.9005,22.5449,0.998274,0.942306,1638.0,0.024994
f4727_1_2_harmonized.jpg,0.8902,48.6359,536.7453,20.8331,0.999377,0.935529,106.0,0.001617
f4727_1_1_harmonized.jpg,0.8952,48.6114,549.912,20.7279,0.999359,0.936565,106.0,0.001617
f4383_1_1_harmonized.jpg,3.4826,42.7118,154.7673,26.234,0.999178,0.977434,1454.0,0.022186
f4383_1_2_harmonized.jpg,3.6268,42.5356,160.2428,26.083,0.999172,0.978898,1454.0,0.022186
f1118_1_1_harmonized.jpg,48.1426,31.3055,1279.7365,17.0596,0.995153,0.883907,2464.0,0.037598
f83_1_1_harmonized.jpg,8.2786,38.9512,196.0655,25.2068,0.996686,0.928636,2759.0,0.042099
f1015_1_1_harmonized.jpg,0.641,50.062,14.7162,36.4529,0.99851,0.9854,2782.0,0.04245
f1015_1_2_harmonized.jpg,2.2592,44.5913,52.8889,30.8972,0.997839,0.978906,2782.0,0.04245
f4252_1_1_harmonized.jpg,9.8507,38.1961,381.1833,22.3195,0.996999,0.914868,1675.0,0.025558
f4252_1_2_harmonized.jpg,7.9187,39.1443,305.4766,23.281,0.997241,0.924043,1675.0,0.025558
f5153_1_1_harmonized.jpg,5.4963,40.7301,460.4174,21.4993,0.997966,0.844799,781.0,0.011917
f5153_1_2_harmonized.jpg,0.5714,50.561,47.0337,31.4067,0.99956,0.966005,781.0,0.011917
f1219_1_2_harmonized.jpg,20.3018,35.0555,466.421,21.443,0.993816,0.869096,2848.0,0.043457
f1219_1_1_harmonized.jpg,10.0808,38.0959,231.052,24.4937,0.996303,0.922046,2848.0,0.043457
f3720_1_1_harmonized.jpg,7.1765,39.5717,185.5459,25.4463,0.996525,0.970013,2521.0,0.038467
f3720_1_2_harmonized.jpg,3.4117,42.8011,87.9528,28.6883,0.997381,0.986813,2521.0,0.038467
f3155_1_1_harmonized.jpg,11.6863,37.454,532.5436,20.8673,0.99842,0.938143,1433.0,0.021866
f3155_1_2_harmonized.jpg,10.4807,37.9269,477.6646,21.3396,0.998621,0.945375,1433.0,0.021866
f4777_1_1_harmonized.jpg,5.4368,40.7773,289.364,23.5164,0.998287,0.952992,1229.0,0.018753
f4777_1_2_harmonized.jpg,4.7568,41.3576,252.99,24.0998,0.998417,0.954183,1229.0,0.018753
f4344_1_1_harmonized.jpg,50.7686,31.0748,2778.8186,13.6922,0.994327,0.773642,1197.0,0.018265
f2819_1_1_harmonized.jpg,6.5299,39.9817,131.9213,26.9277,0.999049,0.983597,3230.0,0.049286
f5174_1_1_harmonized.jpg,14.7019,36.4571,915.7708,18.5129,0.998293,0.918175,1050.0,0.016022
f3242_1_1_harmonized.jpg,0.7015,49.6706,71.7244,29.5741,0.999576,0.962205,629.0,0.009598
f3242_1_2_harmonized.jpg,3.0059,43.3511,311.7578,23.1926,0.999543,0.960078,629.0,0.009598
f4083_1_2_harmonized.jpg,3.1538,43.1425,240.0824,24.3272,0.997632,0.846296,858.0,0.013092
f4083_1_1_harmonized.jpg,3.7334,42.4098,284.2832,23.5933,0.997243,0.820949,858.0,0.013092
f4757_1_2_harmonized.jpg,0.5751,50.533,17.9802,35.5829,0.996996,0.909744,2023.0,0.030869
f4757_1_1_harmonized.jpg,1.4447,46.5329,46.2738,31.4774,0.997421,0.92173,2023.0,0.030869
f101_1_2_harmonized.jpg,23.1679,34.4819,501.2928,21.1299,0.984936,0.704866,3025.0,0.046158
f101_1_1_harmonized.jpg,0.8114,49.0383,17.0787,35.8063,0.995837,0.915103,3025.0,0.046158
f560_1_2_harmonized.jpg,13.5647,36.8067,407.4142,22.0304,0.997486,0.938984,2180.0,0.033264
f560_1_1_harmonized.jpg,6.6478,39.904,199.341,25.1348,0.998296,0.957657,2180.0,0.033264
f4440_1_1_harmonized.jpg,9.6397,38.2902,225.5607,24.5982,0.997781,0.955581,2785.0,0.042496
f4440_1_2_harmonized.jpg,9.7986,38.2192,228.8436,24.5354,0.997991,0.959504,2785.0,0.042496
f3820_1_2_harmonized.jpg,0.9536,48.3371,78.7258,29.1696,0.999527,0.974438,778.0,0.011871
f3820_1_1_harmonized.jpg,3.0081,43.3479,249.617,24.1581,0.998935,0.934778,778.0,0.011871
f5223_2_1_harmonized.jpg,0.3047,53.2927,74.8269,29.3902,0.999579,0.903856,260.0,0.003967
f5223_2_2_harmonized.jpg,1.0493,47.9219,261.5577,23.9551,0.999193,0.818824,260.0,0.003967
f3771_1_1_harmonized.jpg,1.0426,47.9494,686.9327,19.7617,0.99958,0.870909,99.0,0.001511
f3771_1_2_harmonized.jpg,1.7579,45.6809,1161.8755,17.4792,0.999514,0.807814,99.0,0.001511
f1294_1_1_harmonized.jpg,38.2069,32.3094,1155.767,17.5021,0.995168,0.87201,2165.0,0.033035
f1294_1_2_harmonized.jpg,13.5886,36.799,410.471,21.998,0.99845,0.95743,2165.0,0.033035
f4731_1_1_harmonized.jpg,8.2566,38.9628,187.9576,25.3902,0.996689,0.961455,2856.0,0.043579
f4731_1_2_harmonized.jpg,10.542,37.9016,240.378,24.3219,0.996315,0.962199,2856.0,0.043579
f3936_1_1_harmonized.jpg,9.024,38.5768,188.3777,25.3805,0.994945,0.903319,3123.0,0.047653
f3936_1_2_harmonized.jpg,14.5903,36.4902,305.6602,23.2784,0.990617,0.823158,3123.0,0.047653
f4452_1_2_harmonized.jpg,1.7082,45.8053,298.1287,23.3868,0.99855,0.812737,373.0,0.005692
f4452_1_1_harmonized.jpg,1.2522,47.1541,216.8758,24.7687,0.998541,0.840984,373.0,0.005692
f4861_1_1_harmonized.jpg,3.3661,42.8595,164.8395,25.9602,0.999383,0.97737,1323.0,0.020187
f3401_1_2_harmonized.jpg,8.5899,38.7909,349.0763,22.7016,0.997394,0.906691,1604.0,0.024475
f3401_1_1_harmonized.jpg,8.0771,39.0582,327.4125,22.9799,0.996679,0.885301,1604.0,0.024475
f4793_1_1_harmonized.jpg,7.329,39.4804,220.9657,24.6876,0.997301,0.939489,2168.0,0.033081
f1828_1_2_harmonized.jpg,21.4496,34.8166,616.415,20.2321,0.995136,0.876467,2279.0,0.034775
f1828_1_1_harmonized.jpg,22.2478,34.6579,639.3493,20.0734,0.99525,0.877912,2279.0,0.034775
f4497_1_2_harmonized.jpg,3.3206,42.9186,336.5995,22.8597,0.999368,0.949273,645.0,0.009842
f4497_1_1_harmonized.jpg,2.3585,44.4044,237.8165,24.3684,0.999518,0.961083,645.0,0.009842
f219_1_1_harmonized.jpg,7.2892,39.504,309.4556,23.2248,0.999036,0.964227,1540.0,0.023499
f219_1_2_harmonized.jpg,5.0122,41.1305,212.6756,24.8536,0.999327,0.975555,1540.0,0.023499
f4535_1_1_harmonized.jpg,0.7747,49.2395,249.5473,24.1593,0.999645,0.962891,201.0,0.003067
f4535_1_2_harmonized.jpg,3.7906,42.3437,1233.1542,17.2206,0.998579,0.832174,201.0,0.003067
f5161_1_2_harmonized.jpg,1.6753,45.8899,595.2623,20.3837,0.999596,0.927331,183.0,0.002792
f5161_1_1_harmonized.jpg,1.9051,45.3317,674.898,19.8384,0.999549,0.919235,183.0,0.002792
f3887_1_1_harmonized.jpg,3.674,42.4795,101.0175,28.0868,0.995473,0.960525,2362.0,0.036041
f3887_1_2_harmonized.jpg,2.5598,44.0487,69.6902,29.6991,0.996002,0.975787,2362.0,0.036041
f3569_1_1_harmonized.jpg,22.4355,34.6214,712.2668,19.6044,0.997732,0.940703,2059.0,0.031418
f3569_1_2_harmonized.jpg,13.1496,36.9417,417.5179,21.9241,0.997449,0.938116,2059.0,0.031418
f1411_1_2_harmonized.jpg,52.2614,30.949,2353.3508,14.4139,0.995207,0.840847,1455.0,0.022202
f1411_1_1_harmonized.jpg,38.4466,32.2822,1731.1614,15.7474,0.994797,0.799362,1455.0,0.022202
f3345_1_2_harmonized.jpg,6.9003,39.7421,169.365,25.8426,0.996407,0.952897,2644.0,0.040344
f3345_1_1_harmonized.jpg,1.0989,47.7214,25.9491,33.9896,0.998983,0.987626,2644.0,0.040344
f1390_1_1_harmonized.jpg,2.0168,45.0841,112.5393,27.6178,0.999557,0.98458,1167.0,0.017807
f1390_1_2_harmonized.jpg,4.08,42.0242,228.389,24.5441,0.998819,0.944153,1167.0,0.017807
f1809_1_1_harmonized.jpg,7.8572,39.1781,229.0405,24.5317,0.998002,0.958548,2231.0,0.034042
f1809_1_2_harmonized.jpg,31.0357,33.2122,909.1297,18.5445,0.994301,0.87039,2231.0,0.034042
f5060_1_1_harmonized.jpg,1.8956,45.3534,131.4134,26.9444,0.99869,0.945451,928.0,0.01416
f5060_1_2_harmonized.jpg,2.3133,44.4886,161.1401,26.0588,0.998686,0.939333,928.0,0.01416
f417_1_2_harmonized.jpg,5.4358,40.7781,113.6337,27.5757,0.997503,0.952413,3118.0,0.047577
f417_1_1_harmonized.jpg,1.6372,45.9897,33.9812,32.8184,0.998317,0.966601,3118.0,0.047577
f4428_1_1_harmonized.jpg,1.2607,47.1246,77.5399,29.2356,0.99934,0.978717,1012.0,0.015442
f4428_1_2_harmonized.jpg,1.9082,45.3245,120.859,27.308,0.998959,0.963914,1012.0,0.015442
f4451_1_1_harmonized.jpg,14.8331,36.4185,482.1722,21.2988,0.990066,0.733001,2007.0,0.030624
f4451_1_2_harmonized.jpg,11.567,37.4986,376.4165,22.3741,0.992855,0.814523,2007.0,0.030624
f279_1_1_harmonized.jpg,12.2408,37.2527,265.6164,23.8883,0.995261,0.91812,3006.0,0.045868
f279_1_2_harmonized.jpg,3.6219,42.5414,78.1457,29.2018,0.997832,0.968405,3006.0,0.045868
f1534_1_1_harmonized.jpg,1.6703,45.9027,76.0337,29.3207,0.99938,0.980424,1425.0,0.021744
f1534_1_2_harmonized.jpg,0.4038,52.0687,17.928,35.5955,0.999824,0.994844,1425.0,0.021744
f4222_1_1_harmonized.jpg,3.7137,42.4327,411.1429,21.9909,0.999453,0.956763,588.0,0.008972
f4222_1_2_harmonized.jpg,1.236,47.2105,136.2795,26.7865,0.999756,0.979575,588.0,0.008972
f4007_1_1_harmonized.jpg,6.7836,39.8162,385.7281,22.268,0.998776,0.947826,1146.0,0.017487
f4007_1_2_harmonized.jpg,5.9214,40.4065,335.0626,22.8795,0.998543,0.931841,1146.0,0.017487
f144_1_1_harmonized.jpg,16.6851,35.9075,642.6806,20.0509,0.997642,0.940692,1700.0,0.02594
f144_1_2_harmonized.jpg,3.1837,43.1015,122.1537,27.2617,0.99941,0.983349,1700.0,0.02594
f3267_1_1_harmonized.jpg,2.4246,44.2845,90.7537,28.5522,0.999588,0.98867,1724.0,0.026306
f5231_2_2_harmonized.jpg,34.0709,32.807,1088.0867,17.7642,0.995593,0.889422,2049.0,0.031265
f5231_2_1_harmonized.jpg,13.5638,36.807,431.869,21.7773,0.998275,0.952601,2049.0,0.031265
f4469_1_2_harmonized.jpg,5.968,40.3725,1310.4894,16.9565,0.997866,0.701188,297.0,0.004532
f4469_1_1_harmonized.jpg,1.7432,45.7174,380.174,22.331,0.999051,0.866147,297.0,0.004532
f3695_1_1_harmonized.jpg,9.4497,38.3766,207.0397,24.9703,0.99557,0.914867,2986.0,0.045563
f3695_1_2_harmonized.jpg,1.7511,45.6977,37.9081,32.3435,0.996751,0.93235,2986.0,0.045563
f4678_1_1_harmonized.jpg,2.0952,44.9186,176.227,25.6701,0.998659,0.957287,771.0,0.011765
f4678_1_2_harmonized.jpg,1.7146,45.7892,143.9101,26.5499,0.998758,0.964772,771.0,0.011765
f4103_1_2_harmonized.jpg,8.3606,38.9084,386.4237,22.2602,0.996412,0.899373,1406.0,0.021454
f4103_1_1_harmonized.jpg,3.6986,42.4504,171.3205,25.7927,0.998246,0.96886,1406.0,0.021454
f4814_1_1_harmonized.jpg,37.3406,32.409,1690.3903,15.8509,0.993742,0.780936,1447.0,0.022079
f4051_1_2_harmonized.jpg,14.3555,36.5606,499.3729,21.1466,0.997703,0.941167,1878.0,0.028656
f4051_1_1_harmonized.jpg,6.5621,39.9604,228.0446,24.5506,0.99893,0.973254,1878.0,0.028656
f3960_1_1_harmonized.jpg,0.4935,51.1977,15.7155,36.1675,0.999148,0.976422,1978.0,0.030182
f977_1_2_harmonized.jpg,105.9469,27.8799,3177.6746,13.1097,0.988219,0.739806,2183.0,0.03331
f977_1_1_harmonized.jpg,4.3709,41.7251,130.6932,26.9683,0.995922,0.924166,2183.0,0.03331
f4262_1_1_harmonized.jpg,11.295,37.6019,235.1463,24.4174,0.997478,0.950098,3137.0,0.047867
f4680_1_1_harmonized.jpg,0.9565,48.3238,83.8611,28.8952,0.998961,0.925553,739.0,0.011276
f4680_1_2_harmonized.jpg,3.1018,43.2147,273.8192,23.7562,0.998274,0.891091,739.0,0.011276
f399_1_1_harmonized.jpg,1.7289,45.7532,48.9059,31.2372,0.999359,0.987093,2266.0,0.034576
f399_1_2_harmonized.jpg,2.7659,43.7125,78.7963,29.1657,0.999237,0.984741,2266.0,0.034576
f4552_1_1_harmonized.jpg,6.8931,39.7466,1259.1472,17.13,0.998484,0.852663,358.0,0.005463
f4552_1_2_harmonized.jpg,1.7278,45.7559,313.7719,23.1647,0.999589,0.961335,358.0,0.005463
f2606_1_1_harmonized.jpg,9.7629,38.235,731.0854,19.4911,0.996413,0.810026,866.0,0.013214
f2606_1_2_harmonized.jpg,8.3647,38.9063,624.0986,20.1783,0.997114,0.839223,866.0,0.013214
f1064_1_2_harmonized.jpg,4.2326,41.8648,148.3314,26.4185,0.993995,0.838986,1863.0,0.028427
f1064_1_1_harmonized.jpg,1.2385,47.2019,42.8585,31.8104,0.996834,0.92445,1863.0,0.028427
f816_1_2_harmonized.jpg,4.2192,41.8785,86.0659,28.7825,0.99866,0.97666,3191.0,0.048691
f816_1_1_harmonized.jpg,3.8837,42.2384,78.9141,29.1593,0.998909,0.981709,3191.0,0.048691
f1594_1_1_harmonized.jpg,6.9509,39.7104,333.9616,22.8938,0.991611,0.614124,1361.0,0.020767
f1594_1_2_harmonized.jpg,2.6214,43.9455,125.7049,27.1373,0.997484,0.896734,1361.0,0.020767
f4714_1_2_harmonized.jpg,6.0831,40.2895,146.8535,26.462,0.997694,0.971769,2705.0,0.041275
f4714_1_1_harmonized.jpg,5.7074,40.5664,137.7893,26.7386,0.997988,0.977882,2705.0,0.041275
f4981_1_2_harmonized.jpg,28.3886,33.5994,614.9106,20.2427,0.996189,0.952785,2999.0,0.045761
f4981_1_1_harmonized.jpg,31.817,33.1042,691.8323,19.7308,0.993639,0.914163,2999.0,0.045761
f409_1_2_harmonized.jpg,13.1533,36.9404,359.077,22.5789,0.998046,0.957685,2394.0,0.03653
f409_1_1_harmonized.jpg,24.6426,34.2139,669.3024,19.8746,0.996103,0.913713,2394.0,0.03653
f3914_1_1_harmonized.jpg,24.9966,34.152,775.0626,19.2374,0.996572,0.910054,2109.0,0.032181
f3914_1_2_harmonized.jpg,65.5692,29.9638,2036.4323,15.0421,0.991658,0.778058,2109.0,0.032181
f1814_1_2_harmonized.jpg,4.1018,42.001,287.9918,23.537,0.999267,0.964627,928.0,0.01416
f1814_1_1_harmonized.jpg,11.7892,37.416,831.2134,18.9337,0.997877,0.906975,928.0,0.01416
f3083_1_1_harmonized.jpg,5.9822,40.3622,610.3978,20.2747,0.999271,0.947889,641.0,0.009781
f3083_1_2_harmonized.jpg,1.3637,46.7837,137.7665,26.7394,0.999626,0.970928,641.0,0.009781
f1864_1_2_harmonized.jpg,95.2398,28.3426,3352.9819,12.8765,0.988831,0.743345,1861.0,0.028397
f1864_1_1_harmonized.jpg,16.0212,36.0839,563.2255,20.624,0.997111,0.931944,1861.0,0.028397
f4285_1_1_harmonized.jpg,9.2446,38.4719,186.6796,25.4198,0.996699,0.967143,3237.0,0.049393
f4285_1_2_harmonized.jpg,4.5314,41.5685,91.3443,28.524,0.998454,0.984782,3237.0,0.049393
f2174_1_2_harmonized.jpg,53.1111,30.879,1154.0651,17.5085,0.993006,0.854327,3013.0,0.045975
f2174_1_1_harmonized.jpg,8.6483,38.7615,187.3063,25.4053,0.997077,0.939526,3013.0,0.045975
f2363_1_2_harmonized.jpg,0.4968,51.1693,112.6928,27.6118,0.999713,0.954367,281.0,0.004288
f2363_1_1_harmonized.jpg,0.7883,49.1637,181.675,25.5379,0.999687,0.947834,281.0,0.004288
f3881_1_2_harmonized.jpg,16.4342,35.9733,714.6403,19.5899,0.995943,0.90285,1503.0,0.022934
f3881_1_1_harmonized.jpg,6.8857,39.7513,290.2763,23.5027,0.997647,0.95377,1503.0,0.022934
f1320_1_1_harmonized.jpg,6.9668,39.7005,184.8208,25.4633,0.997341,0.949363,2461.0,0.037552
f1320_1_2_harmonized.jpg,5.5289,40.7044,146.6676,26.4675,0.995891,0.906723,2461.0,0.037552
f3655_1_1_harmonized.jpg,4.1761,41.9231,202.8865,25.0583,0.997873,0.913037,1345.0,0.020523
f3655_1_2_harmonized.jpg,10.5764,37.8874,514.3245,21.0184,0.99741,0.902184,1345.0,0.020523
f3472_1_1_harmonized.jpg,19.0936,35.3219,405.2321,22.0538,0.995556,0.954372,3055.0,0.046616
f3472_1_2_harmonized.jpg,15.8998,36.1169,338.5075,22.8351,0.996066,0.962002,3055.0,0.046616
f1311_1_1_harmonized.jpg,4.2572,41.8396,112.7268,27.6105,0.998707,0.977118,2461.0,0.037552
f1311_1_2_harmonized.jpg,0.902,48.5787,23.4368,34.4318,0.999427,0.988836,2461.0,0.037552
f2928_1_1_harmonized.jpg,3.5957,42.573,160.0114,26.0893,0.99752,0.94124,1461.0,0.022293
f2928_1_2_harmonized.jpg,4.9164,41.2143,218.2469,24.7413,0.995127,0.852077,1461.0,0.022293
f2035_1_2_harmonized.jpg,10.9693,37.729,341.0442,22.8027,0.996698,0.921286,2092.0,0.031921
f2035_1_1_harmonized.jpg,23.2137,34.4734,726.1381,19.5206,0.99686,0.919314,2092.0,0.031921
f3988_1_1_harmonized.jpg,6.0702,40.2988,256.3933,24.0417,0.998776,0.980867,1533.0,0.023392
f5131_1_2_harmonized.jpg,6.389,40.0765,708.3639,19.6282,0.998464,0.88122,590.0,0.009003
f5131_1_1_harmonized.jpg,2.4681,44.2072,272.8407,23.7717,0.998495,0.903226,590.0,0.009003
f5088_1_1_harmonized.jpg,0.8766,48.7028,33.9166,32.8267,0.999527,0.983473,1655.0,0.025253
f5088_1_2_harmonized.jpg,3.7948,42.3389,149.3404,26.389,0.99863,0.95449,1655.0,0.025253
f4971_1_1_harmonized.jpg,4.0851,42.0188,401.2169,22.097,0.998803,0.932811,664.0,0.010132
f4971_1_2_harmonized.jpg,1.0263,48.0182,98.9257,28.1777,0.999569,0.980575,664.0,0.010132
f462_1_2_harmonized.jpg,3.8508,42.2753,122.9985,27.2318,0.997655,0.940729,2037.0,0.031082
f462_1_1_harmonized.jpg,12.0644,37.3157,387.1254,22.2523,0.99328,0.812579,2037.0,0.031082
f5129_1_1_harmonized.jpg,24.825,34.1819,1828.5658,15.5097,0.99373,0.69235,885.0,0.013504
f5129_1_2_harmonized.jpg,28.4287,33.5932,2095.1409,14.9187,0.992839,0.645751,885.0,0.013504
f1106_1_2_harmonized.jpg,2.1755,44.7553,159.6956,26.0979,0.999318,0.963152,888.0,0.01355
f1106_1_1_harmonized.jpg,6.618,39.9235,487.3506,21.2524,0.9986,0.928291,888.0,0.01355
f1958_1_2_harmonized.jpg,59.7236,30.3693,556.6077,20.6753,0.988745,0.897478,7029.0,0.107254
f1958_1_1_harmonized.jpg,7.3501,39.4679,68.2722,29.7884,0.996918,0.97249,7029.0,0.107254
f1961_1_1_harmonized.jpg,22.2495,34.6576,182.4128,25.5203,0.986724,0.895757,7972.0,0.121643
f1961_1_2_harmonized.jpg,3.0071,43.3494,24.4149,34.2543,0.998398,0.988324,7972.0,0.121643
f213_1_1_harmonized.jpg,7.1307,39.5995,89.4284,28.616,0.996855,0.963341,5191.0,0.079208
f213_1_2_harmonized.jpg,3.5672,42.6076,44.6715,31.6305,0.997377,0.969841,5191.0,0.079208
f3511_1_1_harmonized.jpg,4.7037,41.4064,67.5143,29.8368,0.994327,0.927116,4541.0,0.06929
f3511_1_2_harmonized.jpg,15.2243,36.3054,218.9357,24.7276,0.993057,0.914321,4541.0,0.06929
f495_1_2_harmonized.jpg,1.9288,45.278,34.8542,32.7083,0.998115,0.971926,3570.0,0.054474
f495_1_1_harmonized.jpg,9.3775,38.41,171.2574,25.7943,0.996564,0.945039,3570.0,0.054474
f3935_1_2_harmonized.jpg,13.4789,36.8343,207.7965,24.9544,0.995826,0.95113,4194.0,0.063995
f3935_1_1_harmonized.jpg,13.8071,36.7298,212.8263,24.8505,0.994552,0.933222,4194.0,0.063995
f315_1_2_harmonized.jpg,16.9702,35.8339,134.8326,26.8329,0.983622,0.875308,8231.0,0.125595
f315_1_1_harmonized.jpg,32.3506,33.032,257.3288,24.0259,0.984312,0.880109,8231.0,0.125595
f2120_1_1_harmonized.jpg,22.9893,34.5156,161.0887,26.0602,0.989121,0.925554,9316.0,0.142151
f2120_1_2_harmonized.jpg,39.8,32.132,279.4527,23.6677,0.984077,0.893468,9316.0,0.142151
f2585_1_2_harmonized.jpg,40.4723,32.0592,362.2484,22.5407,0.978486,0.854777,7316.0,0.111633
f2585_1_1_harmonized.jpg,62.5182,30.1707,559.7433,20.6509,0.972591,0.817455,7316.0,0.111633
f458_1_1_harmonized.jpg,18.0985,35.5544,179.1938,25.5976,0.997003,0.97299,6608.0,0.10083
f1699_1_2_harmonized.jpg,14.6258,36.4796,182.4823,25.5186,0.995473,0.952142,5235.0,0.07988
f1699_1_1_harmonized.jpg,11.7166,37.4428,146.1566,26.4826,0.995457,0.951932,5235.0,0.07988
f4557_1_2_harmonized.jpg,3.6675,42.4871,62.0074,30.2064,0.99816,0.971822,3852.0,0.058777
f4557_1_1_harmonized.jpg,4.0289,42.079,68.1366,29.797,0.998748,0.981956,3852.0,0.058777
f5012_1_2_harmonized.jpg,16.2086,36.0333,216.8673,24.7689,0.996102,0.971434,4882.0,0.074493
f5012_1_1_harmonized.jpg,1.3485,46.8322,17.6389,35.6661,0.998122,0.992721,4882.0,0.074493
f281_1_2_harmonized.jpg,2.3974,44.3335,45.0498,31.5939,0.998575,0.976596,3455.0,0.052719
f281_1_1_harmonized.jpg,4.5875,41.515,86.6534,28.7529,0.998228,0.97042,3455.0,0.052719
f3167_1_1_harmonized.jpg,44.3078,31.666,433.7055,21.7589,0.985288,0.87018,6680.0,0.101929
f3167_1_2_harmonized.jpg,37.323,32.411,365.3146,22.5041,0.988814,0.898807,6680.0,0.101929
f4411_1_1_harmonized.jpg,13.822,36.7251,164.289,25.9747,0.9972,0.970811,5492.0,0.083801
f4411_1_2_harmonized.jpg,29.8146,33.3865,355.2227,22.6258,0.997413,0.970397,5492.0,0.083801
f1572_1_2_harmonized.jpg,66.4235,29.9076,1047.4423,17.9295,0.991399,0.873068,4153.0,0.06337
f1572_1_1_harmonized.jpg,119.9768,27.3398,1891.3185,15.3632,0.986786,0.810569,4153.0,0.06337
f1110_1_2_harmonized.jpg,6.0904,40.2843,102.1813,28.0371,0.995437,0.927602,3889.0,0.059341
f1110_1_1_harmonized.jpg,6.7593,39.8318,113.4453,27.5829,0.995265,0.923558,3889.0,0.059341
f2631_1_1_harmonized.jpg,4.7967,41.3214,54.7205,30.7493,0.998623,0.987619,5707.0,0.087082
f2631_1_2_harmonized.jpg,7.912,39.148,90.5228,28.5632,0.99804,0.981177,5707.0,0.087082
f3992_1_1_harmonized.jpg,38.6371,32.2608,565.8068,20.6041,0.990851,0.891685,4472.0,0.068237
f3992_1_2_harmonized.jpg,23.6172,34.3985,345.689,22.7439,0.988573,0.869534,4472.0,0.068237
f4327_1_1_harmonized.jpg,14.306,36.5756,104.3234,27.947,0.995717,0.980786,8949.0,0.136551
f3377_1_2_harmonized.jpg,14.1887,36.6114,108.1735,27.7896,0.992774,0.949892,8585.0,0.130997
f3377_1_1_harmonized.jpg,5.6628,40.6005,43.0512,31.7909,0.993614,0.954812,8585.0,0.130997
f1182_1_2_harmonized.jpg,25.81,34.0129,188.0394,25.3883,0.992671,0.952035,8979.0,0.137009
f1182_1_1_harmonized.jpg,7.5449,39.3543,54.6573,30.7543,0.99811,0.987944,8979.0,0.137009
f1524_1_1_harmonized.jpg,14.2432,36.5947,159.6791,26.0983,0.996381,0.973382,5814.0,0.088715
f1524_1_2_harmonized.jpg,20.9287,34.9234,235.4378,24.412,0.993943,0.94569,5814.0,0.088715
f3111_1_1_harmonized.jpg,7.9912,39.1047,109.3941,27.7409,0.997002,0.972029,4748.0,0.072449
f3111_1_2_harmonized.jpg,3.8804,42.242,52.8131,30.9034,0.998143,0.984659,4748.0,0.072449
f2230_1_1_harmonized.jpg,5.8798,40.4372,71.7977,29.5697,0.995359,0.946779,5346.0,0.081573
f2230_1_2_harmonized.jpg,1.7931,45.5947,21.7083,34.7646,0.998331,0.981443,5346.0,0.081573
f3786_1_1_harmonized.jpg,63.1979,30.1238,891.1801,18.6311,0.992745,0.909065,4646.0,0.070892
f3786_1_2_harmonized.jpg,22.7851,34.5543,321.1271,23.064,0.995297,0.938008,4646.0,0.070892
f3463_1_2_harmonized.jpg,18.8499,35.3777,231.8921,24.4779,0.995661,0.971928,5308.0,0.080994
f3463_1_1_harmonized.jpg,31.4415,33.1558,387.2448,22.2509,0.993957,0.952245,5308.0,0.080994
f2107_1_2_harmonized.jpg,7.7266,39.2509,85.3424,28.8192,0.988279,0.882855,5885.0,0.089798
f2107_1_1_harmonized.jpg,20.1243,35.0936,223.2534,24.6428,0.986587,0.869103,5885.0,0.089798
f2578_1_2_harmonized.jpg,35.9004,32.5798,243.3294,24.2689,0.988888,0.926083,9658.0,0.147369
f2578_1_1_harmonized.jpg,13.2945,36.8941,90.0485,28.586,0.997823,0.985554,9658.0,0.147369
f1330_1_2_harmonized.jpg,59.1024,30.4148,440.5582,21.6908,0.965837,0.75213,8789.0,0.134109
f1330_1_1_harmonized.jpg,24.7297,34.1986,184.2433,25.4769,0.98052,0.864955,8789.0,0.134109
f1782_1_2_harmonized.jpg,38.1403,32.317,339.9181,22.8171,0.979441,0.883236,7330.0,0.111847
f1782_1_1_harmonized.jpg,17.9186,35.5978,158.4831,26.131,0.986883,0.93508,7330.0,0.111847
f1796_1_2_harmonized.jpg,3.0381,43.3048,41.8263,31.9163,0.998409,0.983811,4712.0,0.071899
f1796_1_1_harmonized.jpg,15.7907,36.1468,219.2291,24.7218,0.996343,0.956512,4712.0,0.071899
f2189_1_2_harmonized.jpg,9.7775,38.2285,72.3467,29.5366,0.995221,0.967643,8834.0,0.134796
f2189_1_1_harmonized.jpg,37.2826,32.4157,276.3112,23.7168,0.98977,0.928627,8834.0,0.134796
f2763_1_2_harmonized.jpg,10.9098,37.7526,93.8589,28.406,0.99685,0.974881,7593.0,0.11586
f2763_1_1_harmonized.jpg,5.7509,40.5334,49.2287,31.2086,0.996756,0.97402,7593.0,0.11586
f2091_1_1_harmonized.jpg,13.1649,36.9366,112.0946,27.635,0.973104,0.77943,7668.0,0.117004
f2091_1_2_harmonized.jpg,14.112,36.6349,120.2999,27.3281,0.977288,0.813718,7668.0,0.117004
f196_1_2_harmonized.jpg,29.5102,33.4311,220.53,24.6961,0.993552,0.954957,8743.0,0.133408
f196_1_1_harmonized.jpg,13.2352,36.9135,98.6932,28.1879,0.995085,0.966428,8743.0,0.133408
f3555_1_1_harmonized.jpg,82.7182,28.9548,651.3526,19.9926,0.987667,0.928305,8311.0,0.126816
f3555_1_2_harmonized.jpg,101.6669,28.059,801.0068,19.0944,0.990283,0.946006,8311.0,0.126816
f5233_2_1_harmonized.jpg,4.059,42.0466,28.9121,33.52,0.987112,0.909585,9142.0,0.139496
f5233_2_2_harmonized.jpg,65.3967,29.9752,468.4856,21.4238,0.98496,0.896944,9142.0,0.139496
f18_1_1_harmonized.jpg,12.4608,37.1753,223.6537,24.635,0.995739,0.965706,3643.0,0.055588
f18_1_2_harmonized.jpg,5.8776,40.4388,105.2374,27.9091,0.996276,0.96358,3643.0,0.055588
f1608_1_2_harmonized.jpg,6.2308,40.1854,54.26,30.786,0.996235,0.976773,7477.0,0.11409
f1608_1_1_harmonized.jpg,23.1053,34.4937,202.0198,25.0769,0.986271,0.899722,7477.0,0.11409
f310_1_2_harmonized.jpg,17.272,35.7574,131.0846,26.9553,0.989021,0.923113,8608.0,0.131348
f310_1_1_harmonized.jpg,34.8127,32.7134,264.5186,23.9062,0.980255,0.860214,8608.0,0.131348
f1774_1_1_harmonized.jpg,12.124,37.2943,210.7495,24.8931,0.996401,0.950615,3763.0,0.057419
f1774_1_2_harmonized.jpg,22.7868,34.554,396.2063,22.1516,0.992609,0.887547,3763.0,0.057419
f1818_1_1_harmonized.jpg,2.3901,44.3467,37.3666,32.406,0.993979,0.909029,4164.0,0.063538
f1818_1_2_harmonized.jpg,7.4927,39.3844,117.7191,27.4223,0.987356,0.807672,4164.0,0.063538
f91_1_1_harmonized.jpg,6.7046,39.8671,127.3003,27.0825,0.998774,0.981185,3443.0,0.052536
f91_1_2_harmonized.jpg,7.3103,39.4915,138.8305,26.706,0.999073,0.9843,3443.0,0.052536
f712_1_1_harmonized.jpg,4.7809,41.3357,71.0298,29.6164,0.999042,0.987052,4391.0,0.067001
f712_1_2_harmonized.jpg,6.4177,40.057,95.43,28.334,0.998858,0.984646,4391.0,0.067001
f3053_1_1_harmonized.jpg,7.7357,39.2458,93.3733,28.4286,0.998348,0.983956,5375.0,0.082016
f3053_1_2_harmonized.jpg,30.5579,33.2796,371.9167,22.4263,0.993372,0.93546,5375.0,0.082016
f3739_1_1_harmonized.jpg,57.3146,30.5482,492.6469,21.2054,0.993714,0.95759,7614.0,0.11618
f460_1_2_harmonized.jpg,22.1264,34.6817,342.0218,22.7903,0.994076,0.916984,4236.0,0.064636
f460_1_1_harmonized.jpg,15.3307,36.2752,236.8906,24.3853,0.995621,0.940182,4236.0,0.064636
f651_1_2_harmonized.jpg,13.6133,36.7912,105.9087,27.8815,0.997194,0.979949,8398.0,0.128143
f651_1_1_harmonized.jpg,70.07,29.6755,546.4995,20.7549,0.991774,0.943061,8398.0,0.128143
f3503_1_2_harmonized.jpg,172.5736,25.7611,1268.8882,17.0966,0.969389,0.822864,8908.0,0.135925
f3503_1_1_harmonized.jpg,53.2992,30.8636,390.5941,22.2135,0.989167,0.944271,8908.0,0.135925
f3207_1_2_harmonized.jpg,5.8148,40.4855,102.6396,28.0177,0.998289,0.973099,3688.0,0.056274
f3207_1_1_harmonized.jpg,1.982,45.1598,34.6186,32.7377,0.999084,0.986573,3688.0,0.056274
f4256_1_1_harmonized.jpg,24.7027,34.2034,287.8707,23.5388,0.989929,0.892764,5612.0,0.085632
f424_1_2_harmonized.jpg,73.5139,29.4671,534.8422,20.8485,0.980894,0.892478,9003.0,0.137375
f424_1_1_harmonized.jpg,29.7722,33.3927,216.5095,24.776,0.984165,0.925626,9003.0,0.137375
f155_1_1_harmonized.jpg,32.3982,33.0256,436.8264,21.7277,0.992247,0.913919,4844.0,0.073914
f155_1_2_harmonized.jpg,16.5114,35.953,222.5559,24.6564,0.994816,0.943544,4844.0,0.073914
f868_1_2_harmonized.jpg,6.4936,40.0059,99.2293,28.1644,0.997044,0.962984,4271.0,0.06517
f868_1_1_harmonized.jpg,4.031,42.0766,61.4414,30.2462,0.998605,0.982903,4271.0,0.06517
f160_1_1_harmonized.jpg,43.0584,31.7902,552.2788,20.7092,0.993141,0.931572,5084.0,0.077576
f160_1_2_harmonized.jpg,11.7893,37.4159,150.5153,26.355,0.995416,0.947202,5084.0,0.077576
f2153_1_1_harmonized.jpg,58.6042,30.4515,428.9225,21.807,0.981012,0.868757,8948.0,0.136536
f2153_1_2_harmonized.jpg,15.6939,36.1735,114.5707,27.5401,0.9909,0.939685,8948.0,0.136536
f342_1_1_harmonized.jpg,26.8647,33.839,205.5934,25.0007,0.98318,0.875477,8553.0,0.130508
f3412_1_2_harmonized.jpg,56.4389,30.615,918.5702,18.4997,0.991784,0.877043,4021.0,0.061356
f3412_1_1_harmonized.jpg,12.1419,37.2879,197.1487,25.1829,0.987794,0.80917,4021.0,0.061356
f839_1_2_harmonized.jpg,5.0658,41.0843,57.1961,30.5571,0.995558,0.954674,5778.0,0.088165
f839_1_1_harmonized.jpg,19.1393,35.3115,216.81,24.77,0.994751,0.952065,5778.0,0.088165
f2818_1_1_harmonized.jpg,80.7955,29.0569,1554.6479,16.2145,0.990276,0.847101,3397.0,0.051834
f729_1_1_harmonized.jpg,65.01,30.001,1019.5721,18.0466,0.990547,0.882422,4173.0,0.063675
f1967_1_1_harmonized.jpg,40.6045,32.0451,293.0346,23.4616,0.986824,0.916679,9067.0,0.138351
f4732_1_1_harmonized.jpg,9.7243,38.2522,184.8169,25.4634,0.996427,0.947075,3426.0,0.052277
f4732_1_2_harmonized.jpg,7.3994,39.4389,140.0699,26.6674,0.997055,0.956141,3426.0,0.052277
f4668_1_1_harmonized.jpg,9.5226,38.3433,121.168,27.2969,0.997258,0.973502,5116.0,0.078064
f4668_1_2_harmonized.jpg,16.7471,35.8914,213.8668,24.8294,0.995176,0.947405,5116.0,0.078064
f4359_1_2_harmonized.jpg,6.3412,40.1091,70.3321,29.6593,0.993196,0.949142,5712.0,0.087158
f4359_1_1_harmonized.jpg,10.6158,37.8713,120.8119,27.3097,0.988384,0.90306,5712.0,0.087158
f1091_1_1_harmonized.jpg,28.0811,33.6467,241.7627,24.2969,0.98419,0.867675,7600.0,0.115967
f1091_1_2_harmonized.jpg,8.9861,38.5951,76.9042,29.2713,0.99184,0.932115,7600.0,0.115967
f3814_1_1_harmonized.jpg,9.3357,38.4293,154.304,26.247,0.996007,0.938841,3959.0,0.06041
f2525_1_1_harmonized.jpg,5.0501,41.0978,60.3743,30.3223,0.995255,0.953909,5408.0,0.08252
f2525_1_2_harmonized.jpg,9.7589,38.2368,117.1066,27.445,0.992231,0.921937,5408.0,0.08252
f3649_1_1_harmonized.jpg,3.1208,43.1882,34.6176,32.7378,0.998651,0.985961,5840.0,0.089111
f3649_1_2_harmonized.jpg,3.8795,42.243,43.0543,31.7906,0.998524,0.984646,5840.0,0.089111
f3831_1_1_harmonized.jpg,15.5845,36.2039,224.5602,24.6175,0.990932,0.893769,4531.0,0.069138
f3831_1_2_harmonized.jpg,9.2908,38.4503,133.9455,26.8615,0.991277,0.896608,4531.0,0.069138
f2389_1_1_harmonized.jpg,6.1784,40.222,87.9983,28.6861,0.995671,0.945487,4583.0,0.069931
f2389_1_2_harmonized.jpg,11.2755,37.6095,160.9244,26.0646,0.995167,0.9371,4583.0,0.069931
f3172_1_2_harmonized.jpg,30.1131,33.3433,242.7759,24.2787,0.993669,0.951222,8110.0,0.123749
f3172_1_1_harmonized.jpg,12.7683,37.0695,102.7088,28.0147,0.996714,0.974396,8110.0,0.123749
f3405_1_2_harmonized.jpg,17.0885,35.8038,152.7432,26.2912,0.994096,0.965954,7241.0,0.110489
f3405_1_1_harmonized.jpg,10.8247,37.7866,96.8526,28.2697,0.994185,0.970882,7241.0,0.110489
f263_1_1_harmonized.jpg,24.8491,34.1777,380.2874,22.3297,0.992611,0.894633,4273.0,0.065201
f5006_1_2_harmonized.jpg,50.1506,31.128,725.5067,19.5244,0.994417,0.927002,4525.0,0.069046
f5006_1_1_harmonized.jpg,11.2249,37.629,162.0493,26.0343,0.997573,0.970277,4525.0,0.069046
f5230_2_2_harmonized.jpg,21.6546,34.7753,185.8064,25.4402,0.989089,0.917713,7600.0,0.115967
f5230_2_1_harmonized.jpg,80.4178,29.0773,692.5258,19.7264,0.979181,0.836489,7600.0,0.115967
f812_1_1_harmonized.jpg,6.1919,40.2126,105.8005,27.8859,0.998924,0.984425,3812.0,0.058167
f4666_1_2_harmonized.jpg,8.9259,38.6243,151.018,26.3405,0.996186,0.937068,3862.0,0.058929
f4666_1_1_harmonized.jpg,35.3306,32.6493,599.1436,20.3555,0.991775,0.865944,3862.0,0.058929
f969_1_1_harmonized.jpg,90.467,28.5659,1096.9968,17.7287,0.992386,0.936746,5400.0,0.082397
f4500_1_1_harmonized.jpg,9.2145,38.4861,105.9737,27.8788,0.994188,0.941533,5652.0,0.086243
f4500_1_2_harmonized.jpg,9.2083,38.489,106.0495,27.8757,0.991149,0.912082,5652.0,0.086243
f5038_1_2_harmonized.jpg,22.6435,34.5814,200.7104,25.1051,0.988552,0.906298,7377.0,0.112564
f5038_1_1_harmonized.jpg,43.5458,31.7413,386.2536,22.2621,0.984252,0.871082,7377.0,0.112564
f959_1_1_harmonized.jpg,1.4136,46.6275,13.6248,36.7875,0.99297,0.932048,6571.0,0.100266
f959_1_2_harmonized.jpg,10.3794,37.9691,102.8429,28.0091,0.990823,0.913903,6571.0,0.100266
f1426_1_1_harmonized.jpg,60.5807,30.3075,526.3317,20.9182,0.977322,0.820745,7532.0,0.114929
f5078_1_1_harmonized.jpg,24.2999,34.2748,427.2038,21.8245,0.99297,0.890808,3723.0,0.056808
f5078_1_2_harmonized.jpg,26.0852,33.9669,458.4484,21.5179,0.991208,0.863536,3723.0,0.056808
f238_1_2_harmonized.jpg,44.1482,31.6817,416.9207,21.9303,0.994293,0.953206,6933.0,0.105789
f238_1_1_harmonized.jpg,23.0708,34.5002,217.762,24.751,0.996971,0.97726,6933.0,0.105789
f5143_1_1_harmonized.jpg,14.6418,36.4749,113.2727,27.5896,0.991625,0.939469,8441.0,0.128799
f1386_1_1_harmonized.jpg,23.5077,34.4187,218.3606,24.7391,0.97823,0.803804,7044.0,0.107483
f1386_1_2_harmonized.jpg,32.1858,33.0542,299.1811,23.3715,0.971506,0.74113,7044.0,0.107483
f4050_1_2_harmonized.jpg,7.3015,39.4967,69.0631,29.7383,0.997294,0.982168,6892.0,0.105164
f4050_1_1_harmonized.jpg,4.4452,41.6519,41.8332,31.9156,0.997599,0.985372,6892.0,0.105164
f3418_1_1_harmonized.jpg,4.6079,41.4957,41.4886,31.9515,0.99694,0.978258,7168.0,0.109375
f3418_1_2_harmonized.jpg,45.2484,31.5748,412.3376,21.9783,0.992414,0.945322,7168.0,0.109375
f231_1_1_harmonized.jpg,26.4074,33.9135,416.9978,21.9295,0.996006,0.951648,4138.0,0.063141
f231_1_2_harmonized.jpg,3.3449,42.887,52.5018,30.9291,0.998511,0.988014,4138.0,0.063141
f262_1_1_harmonized.jpg,21.5727,34.7918,359.4738,22.5741,0.993468,0.900075,3925.0,0.059891
f262_1_2_harmonized.jpg,58.5268,30.4573,976.3207,18.2349,0.988826,0.827721,3925.0,0.059891
f2051_1_1_harmonized.jpg,21.8343,34.7394,419.3757,21.9048,0.994062,0.898835,3404.0,0.051941
f2051_1_2_harmonized.jpg,10.1346,38.0727,193.828,25.2566,0.996189,0.941358,3404.0,0.051941
f2701_1_1_harmonized.jpg,6.6244,39.9193,50.4275,31.1041,0.99569,0.974926,8499.0,0.129684
f3607_1_1_harmonized.jpg,4.5298,41.57,29.9646,33.3647,0.996961,0.982496,9820.0,0.149841
f3607_1_2_harmonized.jpg,16.4099,35.9797,109.2175,27.7479,0.992872,0.955772,9820.0,0.149841
f4864_1_2_harmonized.jpg,12.3118,37.2276,126.131,27.1226,0.996293,0.971459,6375.0,0.097275
f4864_1_1_harmonized.jpg,6.2511,40.1712,63.7414,30.0866,0.997942,0.98548,6375.0,0.097275
f1075_1_2_harmonized.jpg,30.6217,33.2705,219.5002,24.7165,0.994618,0.965031,9126.0,0.139252
f1075_1_1_harmonized.jpg,35.424,32.6378,254.0251,24.082,0.991528,0.942694,9126.0,0.139252
f2845_1_2_harmonized.jpg,15.2275,36.3045,231.3705,24.4877,0.988927,0.845338,4280.0,0.065308
f2845_1_1_harmonized.jpg,6.2403,40.1788,93.9826,28.4003,0.995563,0.942348,4280.0,0.065308
f5102_1_1_harmonized.jpg,19.0698,35.3273,143.2772,26.569,0.993922,0.962354,8704.0,0.132812
f5102_1_2_harmonized.jpg,53.5865,30.8402,402.9441,22.0784,0.989193,0.940595,8704.0,0.132812
f3063_1_2_harmonized.jpg,58.8397,30.4341,715.5963,19.5841,0.978327,0.747568,5384.0,0.082153
f3063_1_1_harmonized.jpg,20.341,35.0471,247.142,24.2013,0.987455,0.852957,5384.0,0.082153
f1503_1_2_harmonized.jpg,51.0334,31.0523,387.9289,22.2433,0.983718,0.884731,8610.0,0.131378
f1503_1_1_harmonized.jpg,32.3814,33.0279,245.9541,24.2223,0.991636,0.939152,8610.0,0.131378
f1820_1_1_harmonized.jpg,7.0941,39.6218,123.2799,27.2219,0.998282,0.97495,3747.0,0.057175
f818_1_2_harmonized.jpg,4.409,41.6874,65.6154,29.9607,0.9984,0.981708,4388.0,0.066956
f818_1_1_harmonized.jpg,7.4495,39.4096,110.9082,27.6812,0.997378,0.967497,4388.0,0.066956
f2816_1_1_harmonized.jpg,95.5483,28.3286,1058.0757,17.8856,0.968969,0.713577,5915.0,0.090256
f1452_1_2_harmonized.jpg,16.3728,35.9896,244.6936,24.2446,0.993107,0.919259,4354.0,0.066437
f1452_1_1_harmonized.jpg,22.3466,34.6387,334.6567,22.8848,0.990914,0.892965,4354.0,0.066437
f2945_1_1_harmonized.jpg,44.6391,31.6337,484.3956,21.2788,0.988566,0.904947,6032.0,0.092041
f2945_1_2_harmonized.jpg,24.5086,34.2376,262.924,23.9325,0.989103,0.902089,6032.0,0.092041
f4638_1_1_harmonized.jpg,39.16,32.2024,656.3145,19.9597,0.986696,0.780664,3905.0,0.059586
f4638_1_2_harmonized.jpg,17.7686,35.6343,297.697,23.3931,0.991978,0.867984,3905.0,0.059586
f916_1_1_harmonized.jpg,9.3856,38.4062,162.3107,26.0273,0.997518,0.963732,3774.0,0.057587
f916_1_2_harmonized.jpg,7.7443,39.241,133.6682,26.8705,0.998331,0.975492,3774.0,0.057587
f4488_1_1_harmonized.jpg,8.0685,39.0629,135.0882,26.8246,0.995857,0.956769,3895.0,0.059433
f4488_1_2_harmonized.jpg,1.1683,47.4553,19.1726,35.304,0.998697,0.986844,3895.0,0.059433
f3947_1_1_harmonized.jpg,12.129,37.2925,165.9747,25.9304,0.993711,0.920235,4765.0,0.072708
f3947_1_2_harmonized.jpg,4.0239,42.0844,54.541,30.7636,0.996267,0.956133,4765.0,0.072708
f4781_1_1_harmonized.jpg,8.7237,38.7238,95.4895,28.3312,0.9937,0.974566,5940.0,0.090637
f4781_1_2_harmonized.jpg,13.8405,36.7193,152.1127,26.3091,0.991413,0.952892,5940.0,0.090637
f971_1_2_harmonized.jpg,31.0799,33.206,287.2907,23.5476,0.993489,0.942087,7080.0,0.108032
f971_1_1_harmonized.jpg,23.669,34.389,218.7643,24.731,0.994975,0.954872,7080.0,0.108032
f136_1_1_harmonized.jpg,145.0694,26.515,2214.2937,14.6785,0.987904,0.832318,4293.0,0.065506
f136_1_2_harmonized.jpg,12.2271,37.2576,186.4007,25.4263,0.998052,0.975066,4293.0,0.065506
f4841_1_1_harmonized.jpg,23.3101,34.4554,199.2584,25.1366,0.986921,0.913151,7653.0,0.116776
f4841_1_2_harmonized.jpg,2.5808,44.0133,21.825,34.7413,0.992669,0.94334,7653.0,0.116776
f1380_1_2_harmonized.jpg,17.2154,35.7716,151.118,26.3376,0.993016,0.943766,7446.0,0.113617
f1380_1_1_harmonized.jpg,11.581,37.4934,101.4487,28.0683,0.99776,0.98339,7446.0,0.113617
f2919_1_2_harmonized.jpg,15.3182,36.2787,117.6347,27.4255,0.972999,0.80138,8511.0,0.129868
f2919_1_1_harmonized.jpg,23.0377,34.5064,176.8059,25.6558,0.975993,0.826665,8511.0,0.129868
f507_1_1_harmonized.jpg,17.1346,35.7921,335.6307,22.8722,0.995525,0.918347,3335.0,0.050888
f1881_1_1_harmonized.jpg,34.3535,32.7711,413.9557,21.9613,0.989379,0.883736,5435.0,0.082932
f1881_1_2_harmonized.jpg,8.5825,38.7946,103.189,27.9945,0.992757,0.924107,5435.0,0.082932
f2338_1_2_harmonized.jpg,40.1222,32.097,402.5179,22.083,0.988807,0.905521,6522.0,0.099518
f2338_1_1_harmonized.jpg,52.4806,30.9308,526.7526,20.9147,0.989422,0.909277,6522.0,0.099518
f2925_1_1_harmonized.jpg,10.4604,37.9353,166.8577,25.9073,0.996758,0.952224,4089.0,0.062393
f2925_1_2_harmonized.jpg,8.1102,39.0405,128.9541,27.0265,0.995506,0.934819,4089.0,0.062393
f3400_1_2_harmonized.jpg,24.7787,34.19,216.5294,24.7756,0.99711,0.975737,7489.0,0.114273
f3400_1_1_harmonized.jpg,58.6617,30.4473,512.4895,21.034,0.988105,0.899726,7489.0,0.114273
f1341_1_1_harmonized.jpg,22.3086,34.6461,393.5122,22.1812,0.983675,0.775865,3710.0,0.05661
f1341_1_2_harmonized.jpg,6.8792,39.7554,120.6385,27.3159,0.990757,0.908559,3710.0,0.05661
f3334_1_2_harmonized.jpg,53.0549,30.8836,406.6161,22.039,0.990447,0.937915,8518.0,0.129974
f3334_1_1_harmonized.jpg,23.2613,34.4645,178.7006,25.6095,0.987451,0.914668,8518.0,0.129974
f3027_1_1_harmonized.jpg,60.8277,30.2898,603.1135,20.3268,0.996275,0.967684,6605.0,0.100784
f3027_1_2_harmonized.jpg,26.2306,33.9427,260.0011,23.9811,0.997868,0.980831,6605.0,0.100784
f2377_1_1_harmonized.jpg,273.6826,23.7583,996.0497,18.148,0.95015,0.837955,18004.0,0.274719
f1795_1_2_harmonized.jpg,21.2273,34.8619,96.1436,28.3016,0.961235,0.836506,14428.0,0.220154
f1795_1_1_harmonized.jpg,14.5297,36.5082,65.6508,29.9584,0.964733,0.848815,14428.0,0.220154
f227_1_1_harmonized.jpg,53.1098,30.8791,200.7136,25.105,0.951634,0.82843,17314.0,0.264191
f227_1_2_harmonized.jpg,20.5796,34.9964,77.6473,29.2295,0.968822,0.891089,17314.0,0.264191
f323_1_2_harmonized.jpg,40.1057,32.0987,76.813,29.2765,0.974646,0.954636,34175.0,0.521469
f323_1_1_harmonized.jpg,199.3952,25.1337,382.2293,22.3076,0.963738,0.934747,34175.0,0.521469
f1172_1_1_harmonized.jpg,8.8841,38.6447,47.0256,31.4075,0.997001,0.987565,12306.0,0.187775
f1172_1_2_harmonized.jpg,4.4599,41.6376,23.5449,34.4118,0.996854,0.986263,12306.0,0.187775
f24_1_2_harmonized.jpg,112.9535,27.6018,292.3344,23.472,0.983317,0.959171,25305.0,0.386124
f24_1_1_harmonized.jpg,66.0134,29.9345,170.7493,25.8072,0.979398,0.948106,25305.0,0.386124
f587_1_2_harmonized.jpg,137.9042,26.735,761.4045,19.3146,0.98546,0.928435,11865.0,0.181046
f587_1_1_harmonized.jpg,71.2278,29.6043,393.0706,22.1861,0.988074,0.941212,11865.0,0.181046
f2849_1_2_harmonized.jpg,25.305,34.0987,100.207,28.1218,0.988695,0.959377,16507.0,0.251877
f2849_1_1_harmonized.jpg,42.3705,31.8602,168.0062,25.8776,0.98819,0.956232,16507.0,0.251877
f4153_1_2_harmonized.jpg,20.1573,35.0865,59.0251,30.4204,0.989158,0.976387,22325.0,0.340652
f4153_1_1_harmonized.jpg,17.898,35.6028,52.3762,30.9395,0.987547,0.968064,22325.0,0.340652
f4576_1_2_harmonized.jpg,8.0612,39.0668,22.0419,34.6983,0.977695,0.947999,23802.0,0.36319
f4576_1_1_harmonized.jpg,26.3566,33.9219,72.3611,29.5358,0.971026,0.93398,23802.0,0.36319
f2030_1_2_harmonized.jpg,41.0339,31.9994,79.8645,29.1073,0.965671,0.936568,33590.0,0.512543
f2030_1_1_harmonized.jpg,91.9316,28.4962,179.0416,25.6013,0.978812,0.962189,33590.0,0.512543
f1983_1_1_harmonized.jpg,163.884,25.9854,540.2795,20.8046,0.98067,0.94006,19859.0,0.303024
f1983_1_2_harmonized.jpg,287.3531,23.5466,947.605,18.3645,0.94446,0.827003,19859.0,0.303024
f4733_1_2_harmonized.jpg,18.8218,35.3842,40.2952,32.0783,0.971258,0.947161,30484.0,0.465149
f4733_1_1_harmonized.jpg,113.2327,27.5911,243.2433,24.2704,0.927818,0.862534,30484.0,0.465149
f3112_1_2_harmonized.jpg,7.5309,39.3623,33.0367,32.9408,0.99535,0.980184,14872.0,0.226929
f3112_1_1_harmonized.jpg,23.4765,34.4245,103.2768,27.9908,0.99374,0.973275,14872.0,0.226929
f3567_1_2_harmonized.jpg,241.1726,24.3075,650.2389,20.0001,0.944376,0.857616,24301.0,0.370804
f3567_1_1_harmonized.jpg,152.2992,26.3038,410.5502,21.9971,0.952866,0.879229,24301.0,0.370804
f991_1_2_harmonized.jpg,40.2237,32.086,174.7152,25.7075,0.986704,0.94625,15062.0,0.229828
f991_1_1_harmonized.jpg,109.0903,27.7529,474.375,21.3696,0.969045,0.872621,15062.0,0.229828
f159_1_1_harmonized.jpg,6.6737,39.8871,37.5782,32.3814,0.995883,0.981361,11556.0,0.176331
f159_1_2_harmonized.jpg,27.4106,33.7516,155.0152,26.2271,0.99399,0.972364,11556.0,0.176331
f2963_1_1_harmonized.jpg,162.1069,26.0328,765.4268,19.2918,0.969918,0.869743,13870.0,0.211639
f2317_1_2_harmonized.jpg,47.4914,31.3647,75.1568,29.3711,0.945162,0.934464,41341.0,0.630814
f2317_1_1_harmonized.jpg,97.6195,28.2354,154.6091,26.2385,0.951846,0.942618,41341.0,0.630814
f3362_1_2_harmonized.jpg,88.6877,28.6522,455.2477,21.5483,0.980624,0.911893,12761.0,0.194717
f3362_1_1_harmonized.jpg,40.1364,32.0954,205.8472,24.9954,0.99356,0.973095,12761.0,0.194717
f4215_1_1_harmonized.jpg,188.4431,25.379,327.635,22.9769,0.899453,0.827829,37676.0,0.57489
f1928_1_2_harmonized.jpg,67.9582,29.8084,140.5705,26.6519,0.94074,0.880003,31644.0,0.482849
f1928_1_1_harmonized.jpg,76.3128,29.3048,157.7583,26.1509,0.930117,0.858638,31644.0,0.482849
f794_1_2_harmonized.jpg,45.9596,31.507,174.1427,25.7218,0.989755,0.963294,17283.0,0.263718
f794_1_1_harmonized.jpg,73.0584,29.4941,276.9074,23.7075,0.981078,0.931238,17283.0,0.263718
f373_1_2_harmonized.jpg,26.1947,33.9487,101.4722,28.0673,0.990625,0.971467,16876.0,0.257507
f373_1_1_harmonized.jpg,10.5984,37.8784,40.8389,32.0201,0.994135,0.98346,16876.0,0.257507
f636_1_2_harmonized.jpg,31.6883,33.1218,98.8762,28.1799,0.975609,0.934767,20963.0,0.31987
f636_1_1_harmonized.jpg,35.4524,32.6343,110.6908,27.6897,0.980008,0.944653,20963.0,0.31987
f1875_1_1_harmonized.jpg,149.368,26.3882,459.2831,21.51,0.958921,0.87923,21307.0,0.325119
f1875_1_2_harmonized.jpg,174.8248,25.7048,537.5751,20.8264,0.958348,0.878248,21307.0,0.325119
f706_1_2_harmonized.jpg,11.9688,37.3503,50.0484,31.1369,0.990429,0.965109,15604.0,0.238098
f706_1_1_harmonized.jpg,31.4693,33.1519,131.9967,26.9252,0.989456,0.962895,15604.0,0.238098
f2234_1_1_harmonized.jpg,27.8251,33.6864,56.0971,30.6414,0.855769,0.712341,32359.0,0.493759
f3876_1_1_harmonized.jpg,338.1361,22.8399,1036.2563,17.9761,0.939617,0.82413,21366.0,0.326019
f1405_1_1_harmonized.jpg,76.3949,29.3002,179.6091,25.5875,0.975499,0.943587,27833.0,0.424698
f1405_1_2_harmonized.jpg,74.514,29.4084,175.1596,25.6965,0.988484,0.973626,27833.0,0.424698
f2020_1_1_harmonized.jpg,19.3281,35.2689,44.1629,31.6802,0.974504,0.944275,28545.0,0.435562
f2020_1_2_harmonized.jpg,14.9992,36.3701,34.3072,32.777,0.984874,0.967515,28545.0,0.435562
f2_1_2_harmonized.jpg,26.4118,33.9128,128.795,27.0318,0.990529,0.956396,13395.0,0.204391
f2_1_1_harmonized.jpg,16.8627,35.8615,82.1935,28.9824,0.992407,0.964534,13395.0,0.204391
f270_1_2_harmonized.jpg,36.4641,32.5122,241.0834,24.3091,0.991668,0.947635,9892.0,0.15094
f270_1_1_harmonized.jpg,91.6907,28.5076,607.0379,20.2986,0.98114,0.881847,9892.0,0.15094
f2410_1_1_harmonized.jpg,295.6865,23.4225,623.687,20.1811,0.937069,0.875708,31061.0,0.473953
f2410_1_2_harmonized.jpg,89.1973,28.6273,187.9992,25.3892,0.960721,0.923816,31061.0,0.473953
f3109_1_1_harmonized.jpg,254.6549,24.0713,567.2328,20.5932,0.873979,0.722454,29391.0,0.448471
f3611_1_1_harmonized.jpg,113.6681,27.5744,318.0765,23.1055,0.945052,0.855234,23397.0,0.35701
f3611_1_2_harmonized.jpg,117.2293,27.4404,328.0563,22.9713,0.942776,0.850031,23397.0,0.35701
f502_1_2_harmonized.jpg,96.2225,28.298,279.955,23.6599,0.983149,0.958073,22483.0,0.343063
f502_1_1_harmonized.jpg,61.6517,30.2314,179.3465,25.5939,0.982557,0.956608,22483.0,0.343063
f1408_1_2_harmonized.jpg,33.9659,32.8204,94.7915,28.3631,0.975159,0.931484,23427.0,0.357468
f1408_1_1_harmonized.jpg,80.853,29.0538,225.8194,24.5932,0.977378,0.937563,23427.0,0.357468
f3802_1_1_harmonized.jpg,20.4319,35.0277,109.915,27.7202,0.992774,0.968396,12147.0,0.185349
f3802_1_2_harmonized.jpg,31.5342,33.143,169.8659,25.8297,0.99419,0.975922,12147.0,0.185349
f841_1_2_harmonized.jpg,267.9747,23.8499,607.8553,20.2928,0.932949,0.876933,28886.0,0.440765
f841_1_1_harmonized.jpg,533.0977,20.8627,1209.3502,17.3053,0.927128,0.850031,28886.0,0.440765
f3543_1_1_harmonized.jpg,52.9779,30.8899,318.8672,23.0947,0.979846,0.886642,10840.0,0.165405
f3543_1_2_harmonized.jpg,60.1112,30.3413,361.4094,22.5508,0.970903,0.835743,10840.0,0.165405
f1238_1_2_harmonized.jpg,20.7762,34.9552,42.9785,31.7983,0.981988,0.966568,31607.0,0.482285
f1238_1_1_harmonized.jpg,43.1238,31.7836,89.2648,28.624,0.966195,0.936094,31607.0,0.482285
f3854_1_1_harmonized.jpg,15.5029,36.2267,39.1947,32.1985,0.988173,0.977161,25787.0,0.393478
f2488_1_1_harmonized.jpg,410.3736,21.999,550.5505,20.7228,0.948489,0.93291,48842.0,0.74527
f2488_1_2_harmonized.jpg,100.8338,28.0947,135.2196,26.8204,0.973047,0.964616,48842.0,0.74527
f406_1_1_harmonized.jpg,14.8034,36.4272,85.3389,28.8193,0.992717,0.965741,11338.0,0.173004
f406_1_2_harmonized.jpg,29.4941,33.4334,170.2387,25.8202,0.990602,0.954323,11338.0,0.173004
f5212_1_1_harmonized.jpg,56.1088,30.6405,307.5089,23.2522,0.99073,0.959968,11945.0,0.182266
f5212_1_2_harmonized.jpg,9.5266,38.3414,52.069,30.965,0.996199,0.98473,11945.0,0.182266
f1959_1_2_harmonized.jpg,82.113,28.9867,330.5443,22.9385,0.981103,0.931512,16274.0,0.248322
f1959_1_1_harmonized.jpg,50.1522,31.1279,201.7888,25.0818,0.975764,0.909881,16274.0,0.248322
f1439_1_2_harmonized.jpg,34.2414,32.7853,127.8712,27.0631,0.989747,0.970458,17495.0,0.266953
f1439_1_1_harmonized.jpg,30.7597,33.251,114.957,27.5254,0.989958,0.968189,17495.0,0.266953
f3300_1_1_harmonized.jpg,61.1889,30.2641,359.9914,22.5679,0.971534,0.918911,11126.0,0.169769
f3300_1_2_harmonized.jpg,16.7741,35.8844,98.4001,28.2008,0.986886,0.965064,11126.0,0.169769
f22_1_1_harmonized.jpg,118.4715,27.3947,312.7453,23.1789,0.966557,0.912512,24764.0,0.377869
f2647_1_2_harmonized.jpg,20.2028,35.0767,109.0583,27.7542,0.9881,0.944723,12106.0,0.184723
f2647_1_1_harmonized.jpg,29.1619,33.4827,157.5851,26.1557,0.986186,0.93526,12106.0,0.184723
f1159_1_2_harmonized.jpg,90.3907,28.5696,145.7901,26.4935,0.887874,0.821986,40582.0,0.619232
f1159_1_1_harmonized.jpg,125.1274,27.1573,201.9392,25.0786,0.948548,0.91879,40582.0,0.619232
f2552_1_1_harmonized.jpg,33.2521,32.9126,140.3554,26.6585,0.966009,0.860134,15504.0,0.236572
f2552_1_2_harmonized.jpg,24.3715,34.262,102.7436,28.0133,0.976075,0.901116,15504.0,0.236572
f585_1_2_harmonized.jpg,36.408,32.5188,138.1149,26.7284,0.988758,0.961462,17240.0,0.263062
f585_1_1_harmonized.jpg,50.0381,31.1378,189.8531,25.3466,0.986058,0.951019,17240.0,0.263062
f340_1_2_harmonized.jpg,26.2266,33.9434,53.5498,30.8432,0.981858,0.967812,32022.0,0.488617
f340_1_1_harmonized.jpg,27.8438,33.6835,56.8581,30.5829,0.983663,0.972442,32022.0,0.488617
f2349_1_2_harmonized.jpg,85.7026,28.8009,144.8388,26.522,0.923129,0.878364,38748.0,0.591248
f2349_1_1_harmonized.jpg,86.5896,28.7561,146.2634,26.4794,0.907329,0.854501,38748.0,0.591248
f1514_1_2_harmonized.jpg,24.4146,34.2543,95.0325,28.3521,0.985785,0.951531,16813.0,0.256546
f1514_1_1_harmonized.jpg,16.6945,35.9051,64.9422,30.0055,0.989623,0.965726,16813.0,0.256546
f2039_1_1_harmonized.jpg,8.1453,39.0218,42.2785,31.8696,0.959689,0.8027,12566.0,0.191742
f2039_1_2_harmonized.jpg,7.8683,39.172,40.8311,32.0209,0.960758,0.806579,12566.0,0.191742
f2871_1_2_harmonized.jpg,21.2484,34.8575,102.3226,28.0311,0.978717,0.903319,13510.0,0.206146
f2871_1_1_harmonized.jpg,23.152,34.4849,111.5541,27.6559,0.977896,0.899367,13510.0,0.206146
f2160_1_1_harmonized.jpg,42.8055,31.8158,231.9456,24.4769,0.98554,0.924118,12068.0,0.184143
f2160_1_2_harmonized.jpg,87.8781,28.692,476.7606,21.3478,0.974044,0.864694,12068.0,0.184143
f5214_1_2_harmonized.jpg,274.489,23.7456,943.3315,18.3842,0.976741,0.926917,19065.0,0.290909
f5214_1_1_harmonized.jpg,26.9208,33.8299,92.3627,28.4758,0.988192,0.962916,19065.0,0.290909
f3361_1_2_harmonized.jpg,106.7048,27.849,529.1478,20.895,0.976722,0.900159,13207.0,0.201523
f3361_1_1_harmonized.jpg,83.0381,28.938,411.8578,21.9833,0.987742,0.949244,13207.0,0.201523
f2749_1_1_harmonized.jpg,16.2721,36.0164,65.3742,29.9767,0.993673,0.977588,16242.0,0.247833
f1027_1_1_harmonized.jpg,27.1884,33.787,91.4962,28.5168,0.973229,0.91396,19422.0,0.296356
f1027_1_2_harmonized.jpg,23.2721,34.4624,78.3129,29.1925,0.967471,0.894015,19422.0,0.296356
f3398_1_1_harmonized.jpg,176.979,25.6516,714.2284,19.5924,0.984779,0.945141,16233.0,0.247696
f3398_1_2_harmonized.jpg,37.0875,32.4385,149.3142,26.3898,0.989025,0.96745,16233.0,0.247696
f1561_1_1_harmonized.jpg,24.1058,34.3096,153.7748,26.262,0.992986,0.956002,10256.0,0.156494
f1561_1_2_harmonized.jpg,18.8955,35.3672,120.331,27.327,0.9958,0.974216,10256.0,0.156494
f1744_1_2_harmonized.jpg,26.4934,33.8994,76.3783,29.3011,0.976091,0.933804,22680.0,0.346069
f1744_1_1_harmonized.jpg,23.2026,34.4754,66.8323,29.8809,0.979868,0.945539,22680.0,0.346069
f720_1_1_harmonized.jpg,14.1438,36.6251,72.3012,29.5393,0.990691,0.954818,12782.0,0.195038
f720_1_2_harmonized.jpg,6.4537,40.0327,32.8908,32.9601,0.988721,0.943585,12782.0,0.195038
f2785_1_2_harmonized.jpg,168.3535,25.8686,422.3921,21.8736,0.966047,0.918513,26098.0,0.398224
f2785_1_1_harmonized.jpg,147.4142,26.4454,369.8413,22.4506,0.964877,0.914512,26098.0,0.398224
f3622_1_1_harmonized.jpg,81.2288,29.0337,288.2905,23.5325,0.974772,0.912344,18452.0,0.281555
f3622_1_2_harmonized.jpg,38.5527,32.2703,136.76,26.7712,0.980259,0.93122,18452.0,0.281555
f4943_1_1_harmonized.jpg,28.2189,33.6254,157.7023,26.1524,0.963827,0.798761,11706.0,0.178619
f4943_1_2_harmonized.jpg,30.53,33.2835,170.7191,25.808,0.963688,0.798844,11706.0,0.178619
f2894_1_1_harmonized.jpg,14.8902,36.4018,46.8319,31.4254,0.992489,0.977384,20719.0,0.316147
f2894_1_2_harmonized.jpg,11.4259,37.5519,35.8634,32.5843,0.992818,0.978175,20719.0,0.316147
f2683_1_2_harmonized.jpg,21.4463,34.8173,96.5925,28.2814,0.989853,0.955459,14512.0,0.221436
f2683_1_1_harmonized.jpg,29.7819,33.3913,134.2348,26.8522,0.990144,0.956752,14512.0,0.221436
f418_1_1_harmonized.jpg,429.3292,21.8029,1082.3727,17.787,0.95049,0.885668,25991.0,0.396591
f418_1_2_harmonized.jpg,406.0857,22.0446,1023.6118,18.0295,0.929513,0.833893,25991.0,0.396591
f364_1_1_harmonized.jpg,32.0786,33.0686,91.8375,28.5006,0.991767,0.976747,22844.0,0.348572
f364_1_2_harmonized.jpg,25.8011,34.0144,73.8094,29.4497,0.99241,0.978685,22844.0,0.348572
f1334_1_1_harmonized.jpg,77.4729,29.2393,145.7152,26.4958,0.938581,0.88658,34805.0,0.531082
f1334_1_2_harmonized.jpg,39.4349,32.172,74.1356,29.4305,0.971237,0.947136,34805.0,0.531082
f4842_1_1_harmonized.jpg,59.8804,30.358,316.9377,23.1211,0.983581,0.922079,12376.0,0.188843
f2461_1_1_harmonized.jpg,23.1602,34.4834,53.4094,30.8546,0.97824,0.952374,28354.0,0.432648
f2461_1_2_harmonized.jpg,33.55,32.8739,77.4088,29.2429,0.979168,0.954712,28354.0,0.432648
f1609_1_2_harmonized.jpg,20.904,34.9285,81.1867,29.036,0.991824,0.972343,16823.0,0.256699
f1609_1_1_harmonized.jpg,28.4548,33.5892,110.6051,27.6931,0.99133,0.97054,16823.0,0.256699
f2162_1_2_harmonized.jpg,164.565,25.9674,710.22,19.6169,0.955167,0.816394,15180.0,0.231628
f2162_1_1_harmonized.jpg,41.6394,31.9358,179.5496,25.589,0.970076,0.875756,15180.0,0.231628
f758_1_1_harmonized.jpg,35.4005,32.6407,101.6081,28.0615,0.98837,0.968018,22772.0,0.347473
f2810_1_1_harmonized.jpg,26.0443,33.9737,108.3465,27.7827,0.98675,0.945575,15734.0,0.240082
f2810_1_2_harmonized.jpg,38.6797,32.256,161.0484,26.0612,0.983563,0.93211,15734.0,0.240082
f2254_1_2_harmonized.jpg,26.9446,33.8261,62.8171,30.15,0.97891,0.95963,28028.0,0.427673
f2254_1_1_harmonized.jpg,156.3308,26.1904,365.3449,22.5038,0.954497,0.911325,28028.0,0.427673
f1501_1_1_harmonized.jpg,24.9504,34.16,103.4637,27.9829,0.989261,0.958464,15742.0,0.240204
f1501_1_2_harmonized.jpg,32.1613,33.0575,133.4847,26.8765,0.983994,0.937904,15742.0,0.240204
f2924_1_2_harmonized.jpg,52.7996,30.9045,99.1948,28.1659,0.976377,0.958068,34821.0,0.531326
f2924_1_1_harmonized.jpg,146.8311,26.4626,276.221,23.7182,0.935303,0.881888,34821.0,0.531326
f654_1_2_harmonized.jpg,466.1677,21.4454,2026.9867,15.0623,0.895248,0.566399,15071.0,0.229965
f654_1_1_harmonized.jpg,241.9799,24.293,1052.1228,17.9101,0.911391,0.628168,15071.0,0.229965
f2811_1_1_harmonized.jpg,417.5743,21.9235,997.9615,18.1397,0.952222,0.889946,27418.0,0.418365
f2811_1_2_harmonized.jpg,46.3517,31.4701,110.623,27.6923,0.988553,0.973722,27418.0,0.418365
f2974_1_2_harmonized.jpg,15.6427,36.1877,64.803,30.0149,0.992217,0.969037,15746.0,0.240265
f2974_1_1_harmonized.jpg,5.5775,40.6664,22.9496,34.523,0.997296,0.989387,15746.0,0.240265
f3260_1_2_harmonized.jpg,4.1673,41.9322,24.6548,34.2118,0.997228,0.988594,10825.0,0.165176
f3260_1_1_harmonized.jpg,34.3779,32.768,207.4261,24.9622,0.994612,0.975837,10825.0,0.165176
f1037_1_1_harmonized.jpg,22.917,34.5292,107.3805,27.8215,0.989917,0.954329,13967.0,0.21312
f1037_1_2_harmonized.jpg,7.6545,39.2916,35.7313,32.6003,0.990096,0.954976,13967.0,0.21312
f1570_1_2_harmonized.jpg,19.4277,35.2466,77.8927,29.2158,0.944612,0.78068,16301.0,0.248734
f1570_1_1_harmonized.jpg,93.9453,28.4021,377.4681,22.362,0.939515,0.761803,16301.0,0.248734
f4263_1_1_harmonized.jpg,24.3865,34.2593,144.7665,26.5241,0.992096,0.955627,11019.0,0.168137
f4263_1_2_harmonized.jpg,5.2304,40.9455,30.8105,33.2438,0.997768,0.98785,11019.0,0.168137
f391_1_1_harmonized.jpg,143.4642,26.5634,443.6462,21.6604,0.987986,0.965657,21182.0,0.323212
f391_1_2_harmonized.jpg,57.4598,30.5372,177.592,25.6366,0.992751,0.979323,21182.0,0.323212
f4684_1_2_harmonized.jpg,50.5289,31.0954,123.2107,27.2243,0.979809,0.951483,26812.0,0.409119
f4684_1_1_harmonized.jpg,167.8046,25.8828,409.5737,22.0075,0.9581,0.900279,26812.0,0.409119
f4281_1_1_harmonized.jpg,20.6071,34.9906,74.5956,29.4037,0.992815,0.976702,17987.0,0.27446
f1753_1_1_harmonized.jpg,59.3736,30.3949,140.4077,26.6569,0.949313,0.899102,27659.0,0.422043
f1753_1_2_harmonized.jpg,30.8527,33.2379,72.8759,29.505,0.961142,0.918374,27659.0,0.422043
f1902_1_1_harmonized.jpg,31.1968,33.1897,170.6452,25.8099,0.987945,0.938763,11962.0,0.182526
f1902_1_2_harmonized.jpg,79.8956,29.1056,437.4323,21.7217,0.98469,0.922387,11962.0,0.182526
f3635_1_1_harmonized.jpg,215.4477,24.7974,595.991,20.3784,0.971298,0.930516,23687.0,0.361435
f2271_1_2_harmonized.jpg,49.8254,31.1563,118.5488,27.3918,0.933547,0.84553,27522.0,0.419952
f2271_1_1_harmonized.jpg,87.777,28.697,208.9152,24.9311,0.955865,0.898144,27522.0,0.419952
f4951_1_1_harmonized.jpg,161.3776,26.0524,207.0238,24.9706,0.97043,0.963753,51062.0,0.779144
f4951_1_2_harmonized.jpg,53.777,30.8248,68.9579,29.745,0.983255,0.979409,51062.0,0.779144
f2614_1_2_harmonized.jpg,368.5712,22.4656,669.864,19.8709,0.916118,0.851188,36049.0,0.550064
f2614_1_1_harmonized.jpg,35.2565,32.6584,63.9797,30.0704,0.97601,0.957748,36049.0,0.550064
f4423_1_1_harmonized.jpg,109.5227,27.7358,548.2344,20.7411,0.982803,0.919881,13078.0,0.199554
f4423_1_2_harmonized.jpg,57.1647,30.5595,285.9396,23.5681,0.97899,0.900549,13078.0,0.199554
f1918_1_2_harmonized.jpg,91.1922,28.5312,429.3462,21.8027,0.958628,0.84314,13913.0,0.212296
f1918_1_1_harmonized.jpg,106.1039,27.8735,499.642,21.1442,0.986027,0.956017,13913.0,0.212296
f3707_1_2_harmonized.jpg,40.6594,32.0392,106.7895,27.8455,0.98461,0.96398,24854.0,0.379242
f3707_1_1_harmonized.jpg,33.4175,32.8911,87.7685,28.6974,0.986291,0.968169,24854.0,0.379242
f1066_1_2_harmonized.jpg,58.7684,30.4394,119.0673,27.3729,0.961127,0.926233,32268.0,0.492371
f1066_1_1_harmonized.jpg,596.1461,20.3773,1210.4025,17.3015,0.926297,0.857937,32268.0,0.492371
f1521_1_2_harmonized.jpg,68.0328,29.8036,285.831,23.5697,0.976754,0.903208,15584.0,0.237793
f1521_1_1_harmonized.jpg,27.9034,33.6742,117.012,27.4485,0.99109,0.963614,15584.0,0.237793
f1194_1_2_harmonized.jpg,68.8155,29.7539,260.2335,23.9772,0.984582,0.947657,17299.0,0.263962
f1194_1_1_harmonized.jpg,56.731,30.5926,214.5137,24.8163,0.986772,0.955437,17299.0,0.263962
f1472_1_2_harmonized.jpg,95.4839,28.3315,183.0357,25.5054,0.943565,0.89616,34169.0,0.521378
f1472_1_1_harmonized.jpg,132.1202,26.9211,253.3083,24.0943,0.935044,0.879741,34169.0,0.521378
f1280_1_2_harmonized.jpg,126.5741,27.1074,211.9657,24.8681,0.971486,0.95936,39048.0,0.595825
f1280_1_1_harmonized.jpg,70.3613,29.6575,117.7759,27.4202,0.967286,0.951859,39048.0,0.595825
f2005_1_1_harmonized.jpg,292.3861,23.4712,547.636,20.7459,0.878993,0.790453,34972.0,0.53363
f2002_1_2_harmonized.jpg,147.5111,26.4426,588.5152,20.4332,0.974911,0.902997,16421.0,0.250565
f2002_1_1_harmonized.jpg,135.2582,26.8192,539.6399,20.8098,0.976467,0.915992,16421.0,0.250565
f3047_1_1_harmonized.jpg,11.3465,37.5822,35.223,32.6625,0.929004,0.77951,21036.0,0.320984
f3047_1_2_harmonized.jpg,51.0116,31.0541,158.6967,26.1251,0.908873,0.716853,21036.0,0.320984
f537_1_2_harmonized.jpg,24.2231,34.2885,68.063,29.8017,0.990411,0.973409,23277.0,0.355179
f537_1_1_harmonized.jpg,30.1333,33.3403,84.6041,28.8569,0.9893,0.970539,23277.0,0.355179
f4590_1_2_harmonized.jpg,1774.6926,15.6396,2802.7512,13.655,0.803795,0.697854,41495.0,0.633163
f4590_1_1_harmonized.jpg,46.5536,31.4513,73.4049,29.4736,0.968868,0.952088,41495.0,0.633163
f3148_1_1_harmonized.jpg,86.6147,28.7549,287.6899,23.5416,0.970689,0.937303,19663.0,0.300034
f4233_1_2_harmonized.jpg,37.9828,32.3349,141.3327,26.6284,0.983185,0.956953,17558.0,0.267914
f4233_1_1_harmonized.jpg,24.2978,34.2751,90.3701,28.5706,0.987775,0.974819,17558.0,0.267914
f2522_1_1_harmonized.jpg,16.1719,36.0432,107.179,27.8297,0.993651,0.967708,9860.0,0.150452
f2522_1_2_harmonized.jpg,6.7609,39.8308,44.6009,31.6374,0.996184,0.983249,9860.0,0.150452
f3609_1_2_harmonized.jpg,52.3491,30.9417,132.1772,26.9192,0.984674,0.963937,25922.0,0.395538
f3609_1_1_harmonized.jpg,22.2688,34.6538,56.13,30.6389,0.988616,0.972157,25922.0,0.395538
f3458_1_2_harmonized.jpg,26.1992,33.9479,116.6279,27.4628,0.969698,0.89553,14676.0,0.223938
f3458_1_1_harmonized.jpg,17.2817,35.7549,76.8489,29.2744,0.970024,0.88824,14676.0,0.223938
f403_1_1_harmonized.jpg,59.7145,30.37,276.7039,23.7107,0.970817,0.873208,14119.0,0.215439
f403_1_2_harmonized.jpg,24.6957,34.2046,114.1728,27.5552,0.979244,0.90746,14119.0,0.215439
f4880_1_2_harmonized.jpg,56.7604,30.5903,310.5072,23.2101,0.966485,0.826302,11956.0,0.182434
f4880_1_1_harmonized.jpg,53.0027,30.8878,290.0827,23.5056,0.9709,0.848777,11956.0,0.182434
f2101_1_1_harmonized.jpg,304.8494,23.29,1615.2277,16.0485,0.980074,0.91014,12367.0,0.188705
f2101_1_2_harmonized.jpg,46.3017,31.4748,245.1685,24.2362,0.985,0.923862,12367.0,0.188705
f2401_1_1_harmonized.jpg,18.7029,35.4117,82.1379,28.9854,0.996478,0.98511,14884.0,0.227112
f2401_1_2_harmonized.jpg,12.7393,37.0793,55.8812,30.6581,0.996578,0.986128,14884.0,0.227112
f2373_1_1_harmonized.jpg,9.0306,38.5737,31.9739,33.0828,0.993666,0.985218,18382.0,0.280487
f2373_1_2_harmonized.jpg,29.8517,33.3811,106.1566,27.8713,0.988338,0.968433,18382.0,0.280487
f3306_1_2_harmonized.jpg,73.4627,29.4701,330.765,22.9356,0.983696,0.944225,14546.0,0.221954
f3306_1_1_harmonized.jpg,63.8253,30.0809,287.3696,23.5464,0.984098,0.946482,14546.0,0.221954
f2451_1_2_harmonized.jpg,8.5983,38.7867,33.7532,32.8477,0.992586,0.977355,16615.0,0.253525
f2451_1_1_harmonized.jpg,2.6883,43.836,10.4649,37.9335,0.99602,0.988665,16615.0,0.253525
f4972_1_1_harmonized.jpg,24.9137,34.1664,80.8595,29.0535,0.993177,0.980484,20117.0,0.306961
f4972_1_2_harmonized.jpg,20.6014,34.9918,66.9225,29.8751,0.989343,0.967896,20117.0,0.306961
f2598_1_1_harmonized.jpg,68.269,29.7886,169.3746,25.8423,0.978696,0.948794,26396.0,0.402771
f2598_1_2_harmonized.jpg,36.4502,32.5138,90.3523,28.5714,0.990674,0.977984,26396.0,0.402771
f3794_1_1_harmonized.jpg,10.867,37.7697,45.6183,31.5394,0.96667,0.860187,15563.0,0.237473
f4297_1_1_harmonized.jpg,15.4754,36.2344,55.1776,30.7132,0.989236,0.973467,18315.0,0.279465
f4297_1_2_harmonized.jpg,17.3235,35.7445,61.7808,30.2223,0.991806,0.978816,18315.0,0.279465
f692_1_1_harmonized.jpg,101.629,28.0606,518.1633,20.9861,0.987944,0.943563,12847.0,0.19603
f692_1_2_harmonized.jpg,8.897,38.6384,45.178,31.5815,0.996855,0.98624,12847.0,0.19603
f2832_1_1_harmonized.jpg,105.1047,27.9146,402.8953,22.0789,0.964249,0.8715,17071.0,0.260483
f2832_1_2_harmonized.jpg,49.6758,31.1694,189.8359,25.347,0.980438,0.93116,17071.0,0.260483
f2021_1_1_harmonized.jpg,95.5669,28.3277,288.9301,23.5229,0.982276,0.956731,21660.0,0.330505
f2021_1_2_harmonized.jpg,57.9719,30.4986,175.0046,25.7003,0.982986,0.960453,21660.0,0.330505
f129_1_2_harmonized.jpg,28.6359,33.5617,146.1847,26.4818,0.977367,0.888637,12811.0,0.19548
f129_1_1_harmonized.jpg,31.0533,33.2097,158.6243,26.1271,0.986118,0.932423,12811.0,0.19548
f2345_1_1_harmonized.jpg,111.6613,27.6518,530.769,20.8817,0.971348,0.897629,13768.0,0.210083
f2345_1_2_harmonized.jpg,146.2582,26.4796,695.743,19.7063,0.961427,0.849849,13768.0,0.210083
f2690_1_2_harmonized.jpg,477.8655,21.3377,944.9406,18.3768,0.932576,0.873286,33138.0,0.505646
f2690_1_1_harmonized.jpg,443.7859,21.6591,877.5667,18.698,0.944167,0.895312,33138.0,0.505646
f2290_1_1_harmonized.jpg,254.7788,24.0692,987.0231,18.1875,0.932671,0.743664,16832.0,0.256836
f1998_1_1_harmonized.jpg,88.8281,28.6453,200.3098,25.1138,0.951167,0.905806,29017.0,0.442764
f1998_1_2_harmonized.jpg,134.3884,26.8472,303.3351,23.3116,0.943028,0.891716,29017.0,0.442764
f2569_1_1_harmonized.jpg,19.3924,35.2545,86.6932,28.751,0.993433,0.971907,14621.0,0.223099
f2569_1_2_harmonized.jpg,42.4878,31.8482,190.1855,25.339,0.990722,0.959398,14621.0,0.223099
f2805_1_2_harmonized.jpg,40.4614,32.0604,243.5261,24.2653,0.973226,0.859287,10873.0,0.165909
f2805_1_1_harmonized.jpg,58.4513,30.4629,351.9466,22.666,0.979557,0.891369,10873.0,0.165909
f2978_1_2_harmonized.jpg,49.6866,31.1684,189.8318,25.3471,0.986956,0.951167,17130.0,0.261383
f2978_1_1_harmonized.jpg,102.5751,28.0204,392.07,22.1972,0.979685,0.926854,17130.0,0.261383
f4628_1_2_harmonized.jpg,177.1483,25.6474,354.925,22.6294,0.964702,0.931044,32677.0,0.498611
f4628_1_1_harmonized.jpg,504.2071,21.1047,1011.0876,18.0829,0.951672,0.905308,32677.0,0.498611
f4247_1_1_harmonized.jpg,105.4318,27.9011,681.5428,19.7959,0.976106,0.857905,10124.0,0.15448
f4247_1_2_harmonized.jpg,32.7488,32.9789,211.3224,24.8813,0.985595,0.915682,10124.0,0.15448
f1454_1_2_harmonized.jpg,11.5838,37.4923,50.4583,31.1015,0.976781,0.90244,14988.0,0.228699
f1454_1_1_harmonized.jpg,7.1396,39.5941,31.0802,33.206,0.981248,0.922638,14988.0,0.228699
f4871_1_1_harmonized.jpg,41.6657,31.933,246.8283,24.2069,0.990532,0.957956,11051.0,0.168625
f1871_1_2_harmonized.jpg,68.843,29.7522,123.5689,27.2117,0.986616,0.977416,36470.0,0.556488
f1871_1_1_harmonized.jpg,63.5592,30.099,114.1087,27.5576,0.977792,0.961555,36470.0,0.556488
f5225_2_2_harmonized.jpg,79.3778,29.1338,197.8799,25.1668,0.965807,0.918792,26261.0,0.400711
f5225_2_1_harmonized.jpg,32.6254,32.9953,81.2878,29.0305,0.959082,0.902225,26261.0,0.400711
f1953_1_2_harmonized.jpg,42.4072,31.8564,211.3052,24.8817,0.957053,0.845881,13137.0,0.200455
f1953_1_1_harmonized.jpg,19.1602,35.3068,95.318,28.3391,0.974335,0.92764,13137.0,0.200455
f855_1_2_harmonized.jpg,38.6882,32.255,142.5409,26.5914,0.981391,0.935126,17767.0,0.271103
f855_1_1_harmonized.jpg,50.6814,31.0823,186.7589,25.418,0.96663,0.882502,17767.0,0.271103
f343_1_2_harmonized.jpg,299.0962,23.3727,836.1122,18.9082,0.93135,0.814862,23438.0,0.357635
f343_1_1_harmonized.jpg,12.9962,36.9926,36.1959,32.5442,0.957738,0.883742,23438.0,0.357635
f1388_1_2_harmonized.jpg,142.9256,26.5797,230.0851,24.5119,0.943938,0.912471,40686.0,0.620819
f1388_1_1_harmonized.jpg,159.0961,26.1142,256.063,24.0473,0.949453,0.922462,40686.0,0.620819
f1537_1_1_harmonized.jpg,20.6192,34.9881,62.5003,30.172,0.947221,0.861441,21576.0,0.329224
f1537_1_2_harmonized.jpg,86.7898,28.7461,263.4622,23.9236,0.925755,0.803836,21576.0,0.329224
f5224_1_2_harmonized.jpg,310.8203,23.2057,441.0204,21.6862,0.924094,0.894977,46144.0,0.704102
f5224_1_1_harmonized.jpg,314.7555,23.1511,446.7721,21.6299,0.92244,0.892043,46144.0,0.704102
f3338_1_2_harmonized.jpg,78.8424,29.1632,430.0956,21.7952,0.987747,0.935674,11996.0,0.183044
f3338_1_1_harmonized.jpg,42.2579,31.8717,230.3691,24.5066,0.990882,0.952421,11996.0,0.183044
f2593_1_1_harmonized.jpg,19.1834,35.3015,52.8286,30.9021,0.982665,0.953931,23722.0,0.361969
f2593_1_2_harmonized.jpg,9.7285,38.2503,26.7008,33.8656,0.986762,0.964703,23722.0,0.361969
f3799_1_2_harmonized.jpg,12.7257,37.084,82.9526,28.9425,0.995339,0.972665,10022.0,0.152924
f3799_1_1_harmonized.jpg,13.9326,36.6905,90.7571,28.552,0.993769,0.963023,10022.0,0.152924
f3685_1_1_harmonized.jpg,24.9851,34.154,125.0303,27.1607,0.991488,0.968568,13056.0,0.199219
f3685_1_2_harmonized.jpg,7.2379,39.5347,35.9615,32.5724,0.996643,0.99028,13056.0,0.199219
f4765_1_2_harmonized.jpg,50.2102,31.1229,230.7208,24.4999,0.989886,0.96066,14250.0,0.217438
f2428_1_1_harmonized.jpg,55.4286,30.6935,279.3143,23.6699,0.953409,0.806733,12987.0,0.198166
f2428_1_2_harmonized.jpg,276.9661,23.7065,1397.1398,16.6784,0.901616,0.582543,12987.0,0.198166
f1566_1_1_harmonized.jpg,86.4248,28.7644,283.9579,23.5983,0.956542,0.88808,19937.0,0.304214
f1566_1_2_harmonized.jpg,41.107,31.9916,134.9909,26.8278,0.984321,0.955038,19937.0,0.304214
f2232_1_1_harmonized.jpg,52.0648,30.9654,89.5076,28.6122,0.967804,0.946383,38038.0,0.580414
f2232_1_2_harmonized.jpg,140.4309,26.6562,241.6937,24.2981,0.937077,0.894539,38038.0,0.580414
f2044_1_2_harmonized.jpg,12.0128,37.3344,77.3043,29.2488,0.990599,0.940805,10152.0,0.154907
f2044_1_1_harmonized.jpg,25.1132,34.1318,161.9136,26.038,0.992433,0.953931,10152.0,0.154907
f2899_1_1_harmonized.jpg,59.2899,30.401,120.5051,27.3207,0.960904,0.924476,32218.0,0.491608
f2899_1_2_harmonized.jpg,28.2104,33.6267,57.271,30.5515,0.969156,0.940806,32218.0,0.491608
f4634_1_1_harmonized.jpg,136.9402,26.7655,577.1958,20.5176,0.956127,0.829825,15540.0,0.237122
f4634_1_2_harmonized.jpg,564.9744,20.6105,2381.7688,14.3618,0.913439,0.660878,15540.0,0.237122
f3183_1_2_harmonized.jpg,10.2772,38.0121,66.4684,29.9047,0.992662,0.979945,10082.0,0.153839
f3183_1_1_harmonized.jpg,48.0214,31.3165,311.7595,23.1926,0.990075,0.965878,10082.0,0.153839
f2093_1_2_harmonized.jpg,13.6424,36.7819,45.7174,31.53,0.97147,0.906624,19496.0,0.297485
f2093_1_1_harmonized.jpg,23.073,34.4998,77.3537,29.246,0.985326,0.953157,19496.0,0.297485
f2409_1_2_harmonized.jpg,153.108,26.2808,275.1658,23.7349,0.92951,0.88082,36450.0,0.556183
f2409_1_1_harmonized.jpg,68.5188,29.7727,123.0893,27.2286,0.918856,0.863202,36450.0,0.556183
f1929_1_2_harmonized.jpg,49.7658,31.1615,149.645,26.3802,0.969419,0.923933,21767.0,0.332138
f1929_1_1_harmonized.jpg,33.4506,32.8868,100.5578,28.1066,0.983644,0.964166,21767.0,0.332138
f4693_1_1_harmonized.jpg,91.6757,28.5083,235.2848,24.4149,0.953705,0.887464,25501.0,0.389114
f4693_1_2_harmonized.jpg,44.8341,31.6147,114.9044,27.5274,0.959607,0.900013,25501.0,0.389114
f2900_1_2_harmonized.jpg,66.6274,29.8943,133.2159,26.8852,0.980246,0.961742,32755.0,0.499802
f2900_1_1_harmonized.jpg,49.0651,31.2231,98.0729,28.2153,0.979345,0.96007,32755.0,0.499802
f2800_1_1_harmonized.jpg,77.3472,29.2464,222.6686,24.6542,0.983203,0.960229,22743.0,0.347031
f2800_1_2_harmonized.jpg,36.4562,32.5131,104.8153,27.9266,0.984539,0.962939,22743.0,0.347031
f3638_1_2_harmonized.jpg,92.9141,28.45,165.9404,25.9313,0.955339,0.93417,36675.0,0.559616
f1070_1_1_harmonized.jpg,37.2014,32.4252,201.2273,25.0939,0.991276,0.961055,12085.0,0.184402
f1070_1_2_harmonized.jpg,17.8314,35.6189,96.2087,28.2987,0.991354,0.961819,12085.0,0.184402
f4169_1_1_harmonized.jpg,5.6609,40.6019,34.0113,32.8146,0.991467,0.959834,10803.0,0.164841
f4169_1_2_harmonized.jpg,14.3801,36.5532,86.9007,28.7406,0.99175,0.960523,10803.0,0.164841
f1267_1_1_harmonized.jpg,118.0836,27.4089,262.1461,23.9454,0.963446,0.922141,29483.0,0.449875
f1267_1_2_harmonized.jpg,81.3201,29.0288,180.3145,25.5705,0.952223,0.897561,29483.0,0.449875
f466_1_2_harmonized.jpg,36.2594,32.5366,187.3163,25.405,0.994169,0.977971,12663.0,0.193222
f466_1_1_harmonized.jpg,27.0052,33.8163,139.1478,26.696,0.995612,0.98515,12663.0,0.193222
f3102_1_2_harmonized.jpg,51.0002,31.0551,95.7211,28.3207,0.972673,0.953839,34861.0,0.531937
f3102_1_1_harmonized.jpg,33.5772,32.8704,63.019,30.1361,0.979433,0.96442,34861.0,0.531937
f4350_1_2_harmonized.jpg,55.8109,30.6636,320.1856,23.0768,0.988911,0.939808,11408.0,0.174072
f4350_1_1_harmonized.jpg,31.9321,33.0885,183.0679,25.5047,0.995458,0.976442,11408.0,0.174072
f339_1_2_harmonized.jpg,56.9808,30.5735,336.8709,22.8562,0.981362,0.899283,11058.0,0.168732
f339_1_1_harmonized.jpg,72.4414,29.5309,428.6232,21.81,0.977159,0.873913,11058.0,0.168732
f4332_1_1_harmonized.jpg,17.433,35.7171,101.5707,28.0631,0.99049,0.952347,11220.0,0.171204
f4332_1_2_harmonized.jpg,234.7361,24.425,1370.6808,16.7614,0.947224,0.731338,11220.0,0.171204
f4682_1_1_harmonized.jpg,52.0153,30.9695,192.265,25.2918,0.97816,0.924621,17701.0,0.270096
f4682_1_2_harmonized.jpg,141.8033,26.6139,524.595,20.9326,0.97201,0.903452,17701.0,0.270096
f3425_1_1_harmonized.jpg,33.2671,32.9107,139.188,26.6948,0.990844,0.970749,15633.0,0.238541
f3425_1_2_harmonized.jpg,25.4294,34.0774,106.3695,27.8626,0.992627,0.977679,15633.0,0.238541
f1757_1_1_harmonized.jpg,136.2067,26.7888,791.5872,19.1458,0.980618,0.891969,11272.0,0.171997
f1757_1_2_harmonized.jpg,122.15,27.2619,709.6479,19.6204,0.988855,0.940989,11272.0,0.171997
f1128_1_1_harmonized.jpg,53.029,30.8857,88.5968,28.6566,0.987572,0.981363,39156.0,0.597473
f1128_1_2_harmonized.jpg,537.7216,20.8252,899.8372,18.5892,0.944865,0.912325,39156.0,0.597473
